Mvt,Moy,Min,Max,TempExt
0.5042071197411003,29.825242718446603,29.0,30.0,36.0
0.5091615769017213,29.998889505830093,29.0,30.0,35.0
0.5158730158730159,30.0,30.0,30.0,33.0
0.5045513654096229,30.0,30.0,30.0,31.0
0.5111234705228032,30.0,30.0,30.0,32.0
0.519327731092437,30.0,30.0,30.0,30.0
0.5058290155440415,30.0,30.0,30.0,29.0
0.5109489051094891,30.0,30.0,30.0,31.0
0.5138888888888888,29.540555555555557,28.0,30.0,34.0
0.5057989690721649,27.358247422680414,27.0,28.0,36.0
0.5137408861469434,27.89568143578239,26.0,29.0,39.0
0.5234595816845675,27.643301300169586,26.0,29.0,42.0
0.5082399472643375,25.99143045484509,25.0,26.0,46.0
0.5177664974619289,25.255499153976313,25.0,26.0,48.0
0.5099889012208657,26.260266370699224,25.0,28.0,47.0
0.5038381018841591,25.0,25.0,25.0,45.0
0.504079254079254,25.18881118881119,24.0,27.0,44.0
0.5164712451144612,27.398659966499164,27.0,28.0,42.0
0.5068672334859385,28.0,28.0,28.0,38.0
0.5143500281373101,28.373100731570062,28.0,29.0,37.0
0.5148127445500279,29.0,29.0,29.0,35.0
0.5,29.0,29.0,29.0,34.0
0.5002858776443682,29.078902229845625,29.0,30.0,35.0
0.5228169014084507,29.971830985915492,29.0,30.0,32.0
0.5055016181229773,30.0,30.0,30.0,32.0
0.5134078212290503,30.0,30.0,30.0,31.0
0.5249169435215947,30.0,30.0,30.0,26.0
0.5038910505836576,30.0,30.0,30.0,26.0
0.49971894322653176,30.074761101742553,30.0,31.0,25.0
0.5200451722190853,30.715979672501412,30.0,31.0,27.0
0.49931787175989084,30.899727148703956,30.0,31.0,30.0
0.5023923444976076,29.947966507177032,29.0,31.0,32.0
0.4883720930232558,28.976744186046513,26.0,29.0,35.0
0.5060240963855421,28.28012048192771,26.0,31.0,31.0
0.5148459383753501,27.779271708683474,27.0,28.0,29.0
0.5027662517289073,28.0,28.0,28.0,28.0
0.5011520737327189,28.46889400921659,28.0,29.0,27.0
0.5217877094972067,29.0,29.0,29.0,27.0
0.5003335557038026,29.475650433622416,29.0,30.0,26.0
0.4986893840104849,29.958715596330276,29.0,30.0,26.0
0.5216010165184244,30.0,30.0,30.0,23.0
0.5042180402336145,30.0,30.0,30.0,23.0
0.5101123595505618,30.0,30.0,30.0,23.0
0.5166666666666667,30.0,30.0,30.0,27.0
0.5037187288708587,30.0,30.0,30.0,29.0
0.5027027027027027,29.41741741741742,28.0,30.0,30.0
0.5134680134680135,27.347362514029182,27.0,28.0,32.0
0.5047169811320755,26.75134770889488,26.0,27.0,35.0
0.5062166962699822,25.93368857312019,25.0,27.0,37.0
0.5137101287073307,25.706211527700056,25.0,26.0,38.0
0.5035783994795056,26.0,26.0,26.0,38.0
0.515831894070236,25.400115141047785,25.0,26.0,35.0
0.5203342618384401,26.041782729805014,25.0,27.0,34.0
0.5051264524948735,26.892002734107997,25.0,28.0,31.0
0.49972051425377306,27.49636668529905,26.0,28.0,30.0
0.5181718061674009,28.0,28.0,28.0,28.0
0.5064516129032258,28.183225806451613,28.0,29.0,26.0
0.5087719298245614,28.948464912280702,28.0,29.0,26.0
0.5103938730853391,29.0,29.0,29.0,26.0
0.5012836970474968,29.029525032092426,29.0,30.0,25.0
0.5005555555555555,29.766666666666666,29.0,30.0,0.0
0.5170418006430868,29.980064308681673,29.0,30.0,0.0
0.5035324341682723,30.0,30.0,30.0,0.0
0.49944258639910816,30.0,30.0,30.0,0.0
0.524070021881838,30.0,30.0,30.0,0.0
0.5028753993610223,30.0,30.0,30.0,0.0
0.5014084507042254,30.0,30.0,30.0,0.0
0.5158836689038031,28.626398210290827,27.0,30.0,29.0
0.5035499726925178,26.952484980884762,26.0,27.0,30.0
0.5061058344640434,26.0,26.0,26.0,33.0
0.518189884649512,26.62466725820763,25.0,28.0,35.0
0.5088265835929388,25.200415368639668,25.0,26.0,36.0
0.5139664804469274,25.52048417132216,25.0,26.0,36.0
0.5205540661304736,27.304289544235925,25.0,28.0,39.0
0.5021810250817884,28.0,28.0,28.0,37.0
0.5048372911169745,28.0,28.0,28.0,34.0
0.5159010600706714,28.29858657243816,28.0,29.0,34.0
0.5020576131687243,28.98079561042524,28.0,29.0,33.0
0.5021067415730337,29.0,29.0,29.0,32.0
0.5175219023779725,29.0,29.0,29.0,29.0
0.5053686471009305,29.0,29.0,29.0,29.0
0.5124282982791587,29.0,29.0,29.0,28.0
0.5192061459667093,29.0,29.0,29.0,28.0
0.5032119914346895,29.080656673804427,29.0,30.0,27.0
0.4975,29.7775,29.0,30.0,27.0
0.515802781289507,29.99873577749684,29.0,30.0,25.0
0.5049857549857549,30.0,30.0,30.0,25.0
0.513681592039801,30.0,30.0,30.0,26.0
0.5195288282703038,30.0,30.0,30.0,25.0
0.5039313795568263,30.0,30.0,30.0,26.0
0.50416399743754,29.97373478539398,29.0,30.0,29.0
0.5204978038067349,27.971449487554906,27.0,29.0,30.0
0.50546875,27.18515625,27.0,28.0,32.0
0.5150753768844221,27.853643216080403,27.0,29.0,34.0
0.502092050209205,26.83801554094441,26.0,27.0,34.0
0.49890270665691294,27.717629846378934,27.0,29.0,34.0
0.5037037037037037,28.996296296296297,28.0,29.0,34.0
0.5188155459592844,29.0,29.0,29.0,33.0
0.5023569023569023,29.0,29.0,29.0,33.0
0.4991558806978053,29.0,29.0,29.0,32.0
0.5173745173745173,29.0,29.0,29.0,30.0
0.5075282308657465,29.0,29.0,29.0,28.0
0.5108393551973318,29.0,29.0,29.0,27.0
0.5146327995582551,29.0,29.0,29.0,26.0
0.5039164490861618,29.267624020887727,29.0,30.0,26.0
0.5067567567567568,30.0,30.0,30.0,26.0
0.5158245419211549,30.0,30.0,30.0,25.0
0.5176010430247718,30.0,30.0,30.0,26.0
0.5051216389244558,30.0,30.0,30.0,24.0
0.5008375209380235,30.0,30.0,30.0,24.0
0.5151515151515151,30.0,30.0,30.0,24.0
0.5022595222724339,30.0,30.0,30.0,23.0
0.5011325028312571,30.0,30.0,30.0,25.0
0.5172981878088962,30.0,30.0,30.0,28.0
0.5028717294192725,30.0,30.0,30.0,30.0
0.505,30.0,30.0,30.0,32.0
0.5179856115107914,30.0,30.0,30.0,32.0
0.4987421383647799,30.0,30.0,30.0,34.0
0.5063641394576647,30.0,30.0,30.0,35.0
0.5106966538672518,30.007679648930335,30.0,31.0,36.0
0.5060483870967742,30.300403225806452,30.0,31.0,35.0
0.5002871912693854,30.788627225732338,30.0,31.0,34.0
0.5181462869905081,30.922948073701843,30.0,31.0,34.0
0.5043362241494329,30.975983989326217,30.0,31.0,31.0
0.5020172910662825,31.0,31.0,31.0,29.0
0.5162011173184358,30.998882681564247,30.0,31.0,28.0
0.5084087968952135,31.0,31.0,31.0,27.0
0.5089672232529375,31.0,31.0,31.0,26.0
0.5253348864298194,31.0,31.0,31.0,26.0
0.5052356020942408,31.0,31.0,31.0,24.0
0.5125570776255708,31.0,31.0,31.0,23.0
0.519217801753203,31.0,31.0,31.0,23.0
0.5041962556488057,31.0,31.0,31.0,23.0
0.5115340253748558,30.912918108419838,30.0,31.0,0.0
0.5169875424688561,30.0,30.0,30.0,24.0
0.508575197889182,30.00263852242744,30.0,31.0,28.0
0.5103001765744556,29.38905238375515,29.0,30.0,31.0
0.5211864406779662,28.470338983050848,28.0,29.0,34.0
0.49796747967479676,28.0,28.0,28.0,37.0
0.5008576329331046,27.76843910806175,27.0,29.0,39.0
0.5214932126696833,27.305429864253394,27.0,28.0,40.0
0.5036593479707252,27.077844311377245,27.0,28.0,40.0
0.5084848484848485,27.207272727272727,27.0,28.0,39.0
0.5017835909631391,27.425683709869205,27.0,28.0,37.0
0.506363027461487,28.59812458137977,28.0,29.0,36.0
0.5082904516866781,29.0,29.0,29.0,33.0
0.5168918918918919,29.0,29.0,29.0,32.0
0.5033333333333333,29.0,29.0,29.0,30.0
0.5,29.0,29.0,29.0,28.0
0.5207852193995381,29.0,29.0,29.0,27.0
0.5025839793281653,29.010335917312663,29.0,30.0,27.0
0.5073388640714741,30.0,30.0,30.0,26.0
0.506152125279642,30.0,30.0,30.0,25.0
0.5206286836935167,30.0,30.0,30.0,27.0
0.506031746031746,30.0,30.0,30.0,27.0
0.5147962032384142,30.0,30.0,30.0,27.0
0.5188888888888888,30.0,30.0,30.0,27.0
0.5046604527296937,29.452063914780293,28.0,30.0,26.0
0.5094224924012158,28.103343465045594,28.0,29.0,27.0
0.5186567164179104,28.062810945273633,27.0,29.0,28.0
0.5073529411764706,27.004010695187166,27.0,28.0,29.0
0.5072904009720535,27.0,27.0,27.0,31.0
0.5233532934131736,27.0,27.0,27.0,30.0
0.5056899004267426,27.47937411095306,27.0,28.0,29.0
0.5096573208722741,27.067912772585668,27.0,28.0,31.0
0.5150240384615384,27.790865384615383,27.0,28.0,31.0
0.5054704595185996,28.113056163384393,28.0,29.0,31.0
0.5016223231667748,28.98637248539909,28.0,29.0,30.0
0.5261344055140724,29.0,29.0,29.0,29.0
0.505530253741054,29.0,29.0,29.0,27.0
0.5120412844036697,29.0,29.0,29.0,26.0
0.5199537304800462,29.0,29.0,29.0,26.0
0.5091145833333334,29.0,29.0,29.0,26.0
0.5118243243243243,29.0,29.0,29.0,25.0
0.5197072072072072,29.0,29.0,29.0,26.0
0.5077220077220077,29.036679536679536,29.0,30.0,25.0
0.5108635097493036,29.4958217270195,29.0,30.0,25.0
0.5154241645244216,29.911953727506425,29.0,30.0,25.0
0.5026007802340702,29.95448634590377,29.0,30.0,25.0
0.4974300399771559,29.941176470588236,29.0,30.0,25.0
0.5169727323316639,28.89482470784641,28.0,29.0,25.0
0.5071151358344114,29.0,29.0,29.0,25.0
0.5076560659599529,28.867491166077738,28.0,29.0,26.0
0.5186915887850467,28.04264018691589,28.0,29.0,27.0
0.5038979447200567,27.49397590361446,27.0,29.0,27.0
0.5036945812807881,26.863916256157637,26.0,27.0,29.0
0.5160051216389244,26.992317541613318,26.0,27.0,29.0
0.5041095890410959,26.528082191780822,26.0,27.0,29.0
0.5057339449541285,26.136467889908257,26.0,27.0,30.0
0.5172024816694868,26.46136491821771,26.0,27.0,30.0
0.5102319236016372,26.678717598908595,26.0,27.0,29.0
0.5096481271282634,26.89160045402951,26.0,28.0,29.0
0.5211817168338907,28.0,28.0,28.0,28.0
0.505581089954038,28.0,28.0,28.0,27.0
0.49971214738054115,28.0,28.0,28.0,25.0
0.5142857142857142,28.0,28.0,28.0,25.0
0.504885993485342,28.0,28.0,28.0,24.0
0.5017281105990783,28.129032258064516,28.0,29.0,24.0
0.5119586296056884,28.997414350355527,28.0,29.0,24.0
0.5120313374370453,29.0,29.0,29.0,24.0
0.5227123107307439,29.0,29.0,29.0,24.0
0.5042678923177938,29.0,29.0,29.0,22.0
0.49942857142857144,28.99085714285714,28.0,29.0,22.0
0.5184369840396258,27.882773802971933,27.0,28.0,21.0
0.5062213490504257,28.0,28.0,28.0,21.0
0.5023310023310024,26.926573426573427,26.0,28.0,23.0
0.5172651933701657,26.94267955801105,26.0,27.0,27.0
0.4994246260069045,26.939010356731877,25.0,27.0,28.0
0.49559082892416223,25.74426807760141,25.0,26.0,29.0
0.5044796691936595,26.65472088215024,26.0,27.0,31.0
0.5015346838551259,26.09576427255985,26.0,27.0,30.0
0.5075566750629723,28.0,28.0,28.0,28.0
0.514018691588785,28.0,28.0,28.0,30.0
0.5228758169934641,28.0,28.0,28.0,32.0
0.5070242656449553,28.0,28.0,28.0,33.0
0.5074792243767313,28.0,28.0,28.0,33.0
0.5221729490022173,28.0,28.0,28.0,33.0
0.5041908446163765,28.0,28.0,28.0,33.0
0.5048959608323134,28.0,28.0,28.0,32.0
0.5172018348623854,27.62901376146789,27.0,28.0,30.0
0.5080106809078772,26.589452603471294,26.0,27.0,29.0
0.5144175317185697,26.007497116493656,26.0,27.0,28.0
0.5178875638841567,26.68313458262351,26.0,27.0,26.0
0.5039473684210526,26.230263157894736,26.0,27.0,25.0
0.5086405529953917,26.0,26.0,26.0,24.0
0.5175487465181059,26.98607242339833,26.0,27.0,24.0
0.5064683053040103,28.0,28.0,28.0,24.0
0.5083798882681564,28.0,28.0,28.0,24.0
0.5207100591715976,28.0,28.0,28.0,23.0
0.5039318479685452,28.0,28.0,28.0,22.0
0.5064209938581797,28.0,28.0,28.0,21.0
0.5217149220489977,28.0,28.0,28.0,21.0
0.5009759271307742,28.0,28.0,28.0,20.0
0.5080870050195203,28.0,28.0,28.0,23.0
0.5165198237885462,28.0,28.0,28.0,26.0
0.5046666666666667,27.319333333333333,27.0,28.0,28.0
0.5075545607162842,27.0,27.0,27.0,30.0
0.5195749440715883,27.51957494407159,27.0,28.0,31.0
0.5033025099075297,28.0,28.0,28.0,33.0
0.503126776577601,28.0,28.0,28.0,33.0
0.5237020316027088,28.0,28.0,28.0,32.0
0.5070422535211268,28.0,28.0,28.0,32.0
0.5103641456582633,28.0,28.0,28.0,31.0
0.5209848908785675,28.0,28.0,28.0,30.0
0.5061329890251776,28.190445448676567,28.0,29.0,29.0
0.5107344632768361,28.782485875706215,28.0,29.0,27.0
0.522228474957794,28.89983117613956,28.0,29.0,26.0
0.5051679586563308,28.948320413436694,28.0,29.0,25.0
0.5114025085518814,28.997719498289623,28.0,29.0,25.0
0.5155382907880133,28.995560488346282,28.0,29.0,24.0
0.5020134228187919,28.97986577181208,28.0,29.0,23.0
0.49912331969608414,28.97720631209819,28.0,29.0,23.0
0.5152498377676833,28.99870214146658,28.0,29.0,22.0
0.5070876288659794,28.982603092783506,28.0,29.0,21.0
0.5078125,28.984933035714285,28.0,29.0,21.0
0.5180856983861992,28.96716750139121,28.0,29.0,21.0
0.5035830618892508,29.0,29.0,29.0,19.0
0.506145251396648,29.0,29.0,29.0,21.0
0.5191986644407346,29.0,29.0,29.0,25.0
0.5038809831824063,29.0,29.0,29.0,28.0
0.5103874227961819,29.0,29.0,29.0,29.0
0.5235294117647059,29.0,29.0,29.0,31.0
0.505859375,29.0,29.0,29.0,32.0
0.5081323611890073,29.0,29.0,29.0,33.0
0.5167973124300111,29.0,29.0,29.0,34.0
0.5073825503355704,29.0,29.0,29.0,34.0
0.5048599199542596,29.0,29.0,29.0,32.0
0.5125488008923592,29.0,29.0,29.0,31.0
0.5039113428943938,29.0,29.0,29.0,30.0
0.5129533678756477,29.0,29.0,29.0,27.0
0.5205865764241399,29.0,29.0,29.0,25.0
0.5032552083333334,29.0,29.0,29.0,25.0
0.5105053946621237,29.0,29.0,29.0,25.0
0.5249020705092333,29.0,29.0,29.0,23.0
0.5060780550223928,29.0,29.0,29.0,23.0
0.5083986562150056,29.0,29.0,29.0,22.0
0.5166557805355977,29.0,29.0,29.0,22.0
0.5019181585677749,29.0,29.0,29.0,21.0
0.5052515201768933,29.0,29.0,29.0,21.0
0.5230683713173986,28.092829349638688,28.0,29.0,19.0
0.5052083333333334,28.37109375,28.0,29.0,19.0
0.5083076923076923,28.099692307692308,27.0,29.0,21.0
0.5137328339575531,27.0,27.0,27.0,25.0
0.5051688490696071,27.17160578911096,27.0,28.0,29.0
0.5118906064209274,26.586206896551722,26.0,27.0,30.0
0.5218712029161604,26.0,26.0,26.0,33.0
0.5040983606557377,27.184426229508198,26.0,28.0,34.0
0.5088253195374315,27.89592209373098,27.0,28.0,35.0
0.525305410122164,28.0,28.0,28.0,35.0
0.5032258064516129,27.822580645161292,27.0,28.0,35.0
0.5115340253748558,27.031141868512112,27.0,28.0,35.0
0.5170648464163823,27.774175199089875,27.0,28.0,35.0
0.5065530799475754,28.0,28.0,28.0,31.0
0.5130681818181818,28.0,28.0,28.0,28.0
0.5209988649262202,28.0,28.0,28.0,26.0
0.49759229534510435,28.0,28.0,28.0,27.0
0.509090909090909,28.0,28.0,28.0,25.0
0.5173961840628507,28.0,28.0,28.0,23.0
0.5038910505836576,28.00129701686122,28.0,29.0,23.0
0.5056689342403629,28.282312925170068,28.0,29.0,23.0
0.5120274914089347,28.833333333333332,28.0,29.0,23.0
0.5062541145490455,28.915075707702435,28.0,29.0,21.0
0.5142369020501139,28.981776765375855,28.0,29.0,21.0
0.5164772727272727,28.50340909090909,28.0,29.0,24.0
0.5029508196721312,28.913442622950818,28.0,29.0,27.0
0.508117859290439,28.551413108839448,28.0,29.0,30.0
0.5122282608695652,27.717391304347824,27.0,28.0,33.0
0.5086330935251798,27.0,27.0,27.0,25.0
0.5036945812807881,27.0,27.0,27.0,25.0
0.5021786492374728,27.0,27.0,27.0,25.0
0.504017531044558,27.0,27.0,27.0,25.0
0.49968652037617556,27.010658307210033,27.0,28.0,25.0
0.5007890583903208,27.0,27.0,27.0,25.0
0.5043041606886657,25.236728837876615,24.0,27.0,25.0
0.5026041666666666,24.0,24.0,24.0,24.0
0.49860413176996093,26.001675041876048,24.0,27.0,26.0
0.5097580015612803,26.412177985948478,25.0,27.0,23.0
0.5036593479707252,24.25282767797738,24.0,25.0,25.0
0.4989106753812636,24.790305010893245,24.0,26.0,27.0
0.5118518518518519,25.456296296296298,24.0,26.0,24.0
0.4996780424983902,23.99871216999356,23.0,24.0,25.0
0.5043859649122807,23.44172932330827,23.0,24.0,26.0
0.5060975609756098,25.596036585365855,23.0,29.0,28.0
0.5083798882681564,26.026536312849164,26.0,27.0,28.0
0.5012642225031606,26.667509481668773,26.0,27.0,28.0
0.5109011627906976,26.995639534883722,26.0,27.0,27.0
0.5027839643652561,27.0,27.0,27.0,26.0
0.5,27.0,27.0,27.0,25.0
0.5092989985693849,27.0,27.0,27.0,25.0
0.5015499070055797,27.0,27.0,27.0,25.0
0.5010526315789474,27.0,27.0,27.0,25.0
0.5059701492537313,27.0,27.0,27.0,24.0
0.5028427037271005,27.0,27.0,27.0,24.0
0.4946808510638298,27.0,27.0,27.0,25.0
0.5089686098654709,27.0,27.0,27.0,24.0
0.5037688442211056,27.0,27.0,27.0,24.0
0.5013082155939299,26.997906855049713,26.0,27.0,24.0
0.5042674253200569,27.0,27.0,27.0,24.0
0.5043859649122807,27.0,27.0,27.0,25.0
0.5016357688113413,26.802617230098146,25.0,27.0,26.0
0.503257328990228,24.43241042345277,24.0,25.0,27.0
0.5034246575342466,24.77853881278539,24.0,26.0,28.0
0.4986271279516749,25.482152663371775,24.0,27.0,28.0
0.5045112781954887,24.833834586466164,24.0,26.0,29.0
0.5045815516188149,26.0,26.0,26.0,28.0
0.5002526528549772,26.561394643759474,26.0,27.0,29.0
0.507783543365456,27.0,27.0,27.0,27.0
0.5015479876160991,27.0,27.0,27.0,27.0
0.5023646873357857,27.0,27.0,27.0,26.0
0.5051169590643275,27.0,27.0,27.0,25.0
0.500651890482399,27.0,27.0,27.0,25.0
0.5005586592178771,27.0,27.0,27.0,25.0
0.5089955022488756,27.0,27.0,27.0,25.0
0.5009322560596644,27.0,27.0,27.0,24.0
0.5046583850931677,27.0,27.0,27.0,24.0
0.5033647375504711,27.0,27.0,27.0,23.0
0.504,27.0,27.0,27.0,23.0
0.5137880986937591,27.0,27.0,27.0,23.0
0.5058977719528178,27.0,27.0,27.0,21.0
0.5013068478829065,27.0,27.0,27.0,21.0
0.504734158776402,27.0,27.0,27.0,22.0
0.4997333333333333,27.0,27.0,27.0,22.0
0.5,27.0,27.0,27.0,24.0
0.5077149155033064,27.0,27.0,27.0,25.0
0.5055374592833877,27.0,27.0,27.0,26.0
0.5018392012611665,27.0,27.0,27.0,27.0
0.5126825518831668,27.0,27.0,27.0,29.0
0.5032679738562091,27.09281045751634,27.0,28.0,28.0
0.49892818863879956,27.458735262593784,27.0,28.0,28.0
0.5077376565954311,27.865143699336773,27.0,28.0,29.0
0.5032509752925878,27.934980494148245,27.0,28.0,28.0
0.503737780333525,27.922369177688328,27.0,28.0,27.0
0.5036337209302325,27.813226744186046,27.0,28.0,26.0
0.5021528525296017,27.829924650161463,27.0,28.0,25.0
0.49947643979057593,27.519895287958114,27.0,28.0,24.0
0.5081120943952803,27.24410029498525,27.0,28.0,24.0
0.5022479126525369,27.02247912652537,27.0,28.0,22.0
0.503023639362287,27.01429356789445,27.0,28.0,21.0
0.5113719735876743,27.0,27.0,27.0,20.0
0.501131221719457,27.0,27.0,27.0,19.0
0.5118110236220472,27.0,27.0,27.0,19.0
0.5077149155033064,27.0,27.0,27.0,18.0
0.5018891687657431,27.0,27.0,27.0,18.0
0.5007957559681697,27.0,27.0,27.0,19.0
0.5067567567567568,24.89114114114114,24.0,27.0,19.0
0.5026674570243035,23.565500889152343,23.0,25.0,22.0
0.504079254079254,23.352564102564102,23.0,25.0,26.0
0.5114083398898505,23.0,23.0,23.0,28.0
0.5155993431855501,23.224137931034484,23.0,24.0,29.0
0.5046661880832735,24.933955491744438,24.0,25.0,30.0
0.5081168831168831,24.07711038961039,23.0,26.0,30.0
0.5097613882863341,23.083152566883587,23.0,24.0,30.0
0.5045454545454545,23.0,23.0,23.0,30.0
0.5110935023771791,23.11014263074485,23.0,24.0,28.0
0.5072065888812629,24.01647220315717,23.0,25.0,27.0
0.5057537399309551,25.032796317606444,25.0,26.0,26.0
0.5138784696174044,25.957239309827457,25.0,26.0,24.0
0.4986824769433465,26.0,26.0,26.0,23.0
0.5033333333333333,26.0,26.0,26.0,23.0
0.5112951807228916,26.0,26.0,26.0,22.0
0.5035009548058561,26.0,26.0,26.0,22.0
0.5102817974105103,26.509520182787508,26.0,27.0,21.0
0.5029051000645578,26.886378308586185,26.0,27.0,20.0
0.5074626865671642,27.0,27.0,27.0,20.0
0.5098784194528876,26.972644376899694,26.0,27.0,20.0
0.5037878787878788,26.67739898989899,26.0,27.0,20.0
0.4989517819706499,26.0,26.0,26.0,19.0
0.5051698670605613,26.188330871491875,26.0,27.0,19.0
0.5027382256297919,26.967688937568454,26.0,27.0,20.0
0.5016778523489933,27.0,27.0,27.0,23.0
0.5112316034082107,27.0,27.0,27.0,26.0
0.5065885797950219,27.013909224011712,27.0,28.0,28.0
0.5021122510561256,27.700060350030174,27.0,28.0,30.0
0.5057825751734772,26.77486507324595,25.0,28.0,31.0
0.5021037868162693,24.705469845722302,24.0,26.0,31.0
0.5114213197969543,24.0,24.0,24.0,31.0
0.5075414781297134,23.960030165912517,23.0,24.0,31.0
0.5031446540880503,24.58280922431866,23.0,25.0,29.0
0.5022148394241418,25.859911406423034,25.0,26.0,28.0
0.5101275318829708,26.0,26.0,26.0,28.0
0.5012919896640827,26.0,26.0,26.0,26.0
0.503448275862069,26.089080459770116,26.0,27.0,26.0
0.5125094768764216,26.78923426838514,26.0,27.0,26.0
0.5019973368841545,26.994007989347537,26.0,27.0,26.0
0.500856653340948,27.0,27.0,27.0,26.0
0.5098231827111984,27.0,27.0,27.0,26.0
0.5434782608695652,27.0,27.0,27.0,26.0
0.505,27.0,27.0,27.0,25.0
0.5164750957854406,27.0,27.0,27.0,25.0
0.5047801147227533,27.0,27.0,27.0,23.0
0.5036458333333333,27.0,27.0,27.0,23.0
0.5081967213114754,25.549180327868854,24.0,27.0,24.0
0.5058905058905059,24.056133056133056,23.0,26.0,28.0
0.501280409731114,23.15236875800256,23.0,24.0,29.0
0.5376676986584107,23.00515995872033,23.0,24.0,33.0
0.5089773614363778,23.131147540983605,23.0,24.0,35.0
0.5,23.81783439490446,23.0,25.0,36.0
0.521311475409836,25.022950819672133,24.0,26.0,38.0
0.5068198133524767,24.501794687724335,24.0,25.0,38.0
0.5094850948509485,24.0,24.0,24.0,36.0
0.5107741420590582,24.035913806863526,24.0,25.0,32.0
0.5061107117181883,24.08842559309849,24.0,25.0,29.0
0.5011792452830188,25.56191037735849,25.0,26.0,28.0
0.5101733232856066,26.0,26.0,26.0,28.0
0.5026246719160105,26.0,26.0,26.0,27.0
0.5017026106696936,26.403518728717366,26.0,27.0,27.0
0.506584043377227,27.0,27.0,27.0,27.0
0.5026881720430108,27.0,27.0,27.0,27.0
0.5022488755622189,27.0,27.0,27.0,27.0
0.514637904468413,27.0,27.0,27.0,26.0
0.5033025099075297,27.0,27.0,27.0,26.0
0.5002849002849002,26.8997150997151,25.0,27.0,26.0
0.5097885669537979,24.31010180109632,23.0,26.0,29.0
0.5028968713789108,23.859791425260717,23.0,24.0,31.0
0.4979544126241964,23.345996493278783,23.0,24.0,35.0
0.5101404056162246,23.10764430577223,23.0,24.0,38.0
0.5052316890881914,23.51270553064275,23.0,24.0,37.0
0.5002967359050445,23.512759643916915,23.0,24.0,39.0
0.5054484492875104,23.20536462699078,23.0,25.0,37.0
0.5066864784546805,24.086181277860327,23.0,25.0,36.0
0.5021173623714459,23.10465819721718,23.0,24.0,35.0
0.5123703112529928,23.45171588188348,23.0,24.0,34.0
0.5010830324909747,24.034657039711192,23.0,25.0,29.0
0.5059665871121718,25.39021479713604,25.0,26.0,27.0
0.5105551211884285,26.0,26.0,26.0,27.0
0.5033783783783784,26.0,26.0,26.0,26.0
0.5008156606851549,26.711799891245242,26.0,27.0,26.0
0.5069018404907976,27.0,27.0,27.0,26.0
0.5060240963855421,27.0,27.0,27.0,26.0
0.5,27.0,27.0,27.0,26.0
0.4915254237288136,27.0,27.0,27.0,26.0
0.5127610208816705,27.0077339520495,27.0,28.0,25.0
0.5020188425302826,27.526917900403767,27.0,28.0,26.0
0.49970879440885263,27.85264997087944,27.0,28.0,24.0
0.5081712062256809,24.703501945525293,24.0,27.0,24.0
0.5035294117647059,23.997647058823528,23.0,24.0,24.0
0.5014148273910582,25.715902659875496,24.0,26.0,27.0
0.5161290322580645,25.692307692307693,25.0,27.0,30.0
0.5058259081562714,24.31528444139822,24.0,25.0,30.0
0.5015033072760072,24.280216476247745,24.0,26.0,29.0
0.5165615141955836,25.631703470031546,25.0,26.0,31.0
0.5049928673323824,24.93651925820257,24.0,25.0,32.0
0.5033639143730887,24.961467889908256,24.0,25.0,32.0
0.5172413793103449,24.840417000801924,24.0,25.0,31.0
0.4991284137129576,24.92504357931435,24.0,25.0,34.0
0.5024284943335132,25.87479762547221,24.0,26.0,30.0
0.5118956254796623,26.65617805065234,26.0,27.0,30.0
0.5049180327868853,27.0,27.0,27.0,28.0
0.5115030674846626,27.844325153374232,27.0,28.0,25.0
0.5013245033112583,27.990728476821193,27.0,28.0,25.0
0.5017088174982912,28.0,28.0,28.0,24.0
0.5079125847776941,28.0,28.0,28.0,24.0
0.5037697052775874,28.0,28.0,28.0,27.0
0.5013594344752583,28.0,28.0,28.0,28.0
0.5098784194528876,28.0,28.0,28.0,29.0
0.5008469791078487,28.0,28.0,28.0,29.0
0.5010548523206751,28.0,28.0,28.0,31.0
0.511380880121396,28.0,28.0,28.0,31.0
0.5049115913555993,28.0,28.0,28.0,32.0
0.5008246289169873,28.0,28.0,28.0,33.0
0.5135764158262219,28.0,28.0,28.0,31.0
0.5040214477211796,28.0,28.0,28.0,28.0
0.5008777062609713,28.0,28.0,28.0,27.0
0.5138461538461538,28.0,28.0,28.0,27.0
0.505427408412483,28.008141112618723,28.0,29.0,26.0
0.4994054696789536,28.21938168846611,28.0,29.0,25.0
0.5130970724191063,28.27041602465331,28.0,29.0,24.0
0.5010893246187363,28.56318082788671,28.0,29.0,24.0
0.5,28.07758620689655,28.0,29.0,24.0
0.5135135135135135,28.2972972972973,28.0,29.0,23.0
0.5,28.0,28.0,28.0,22.0
0.5080775444264943,28.0,28.0,28.0,22.0
0.5027624309392266,28.0,28.0,28.0,22.0
0.5017026106696936,28.0,28.0,28.0,22.0
0.5147169811320754,28.0,28.0,28.0,22.0
0.4983069977426637,28.0,28.0,28.0,22.0
0.5034192530247238,28.014203051025778,28.0,29.0,24.0
0.5085669781931464,28.059968847352025,28.0,29.0,26.0
0.5058499655884378,28.546455609084653,28.0,29.0,28.0
0.5011428571428571,28.889714285714287,28.0,29.0,29.0
0.5050900548159749,28.825371965544246,28.0,29.0,30.0
0.5023989033584647,28.880740233036327,28.0,29.0,30.0
0.5032914422501497,28.985637342908436,28.0,29.0,30.0
0.5115722266560255,29.0,29.0,29.0,29.0
0.5037542662116041,29.0,29.0,29.0,28.0
0.501589319771138,29.0,29.0,29.0,26.0
0.5087579617834395,29.0,29.0,29.0,24.0
0.5051831375259157,28.997235659986178,28.0,29.0,24.0
0.5003203074951954,28.938500960922486,28.0,29.0,24.0
0.5101088646967341,28.862363919129084,28.0,29.0,24.0
0.5131578947368421,28.07894736842105,28.0,29.0,24.0
0.45,28.1,28.0,29.0,24.0
0.51010101010101,28.0,28.0,28.0,24.0
0.5122529644268775,28.0,28.0,28.0,22.0
0.5034530386740331,28.0,28.0,28.0,22.0
0.5014560279557367,28.0,28.0,28.0,21.0
0.506079027355623,28.0,28.0,28.0,21.0
0.5018656716417911,27.990671641791046,27.0,28.0,22.0
0.5053763440860215,25.23584229390681,24.0,27.0,24.0
0.5121951219512195,24.395934959349592,24.0,26.0,25.0
0.5051688490696071,26.68366643694004,26.0,27.0,25.0
0.49863611565739224,27.0,27.0,27.0,27.0
0.5054263565891473,27.091472868217053,27.0,28.0,26.0
0.5051334702258727,25.117043121149898,24.0,28.0,26.0
0.4985473561882626,23.955258570598488,23.0,25.0,26.0
0.5094806265457543,23.39159109645507,23.0,25.0,23.0
0.509742790335152,25.83008573655495,25.0,26.0,24.0
0.49971925884334645,26.0943290286356,26.0,27.0,24.0
0.5091307523739956,26.924762600438275,26.0,27.0,24.0
0.5031374786081004,27.0,27.0,27.0,22.0
0.5011111111111111,27.0,27.0,27.0,21.0
0.5089913995308835,27.0,27.0,27.0,21.0
0.5003412969283276,27.0,27.0,27.0,21.0
0.5034602076124568,27.0,27.0,27.0,20.0
0.5041666666666667,27.0,27.0,27.0,19.0
0.5263157894736842,27.0,27.0,27.0,19.0
0.5076923076923077,27.0,27.0,27.0,19.0
0.515713134568896,27.0,27.0,27.0,19.0
0.5033557046979866,27.0,27.0,27.0,19.0
0.49947201689545934,27.0,27.0,27.0,17.0
0.509607993850884,27.0,27.0,27.0,18.0
0.5003367003367003,27.0,27.0,27.0,23.0
0.5013037809647979,27.0,27.0,27.0,27.0
0.5285714285714286,27.0,27.0,27.0,28.0
0.507323568575233,27.0,27.0,27.0,29.0
0.5006142506142506,27.002457002457003,27.0,28.0,28.0
0.5160729800173762,26.152041702867074,24.0,28.0,29.0
0.5014895729890765,24.772591857000993,24.0,26.0,27.0
0.5035885167464115,25.904904306220097,24.0,26.0,27.0
0.5118949958982772,26.81706316652994,26.0,27.0,26.0
0.5068691250903832,27.0,27.0,27.0,26.0
0.5033758439609902,27.0,27.0,27.0,25.0
0.5155832591273375,27.0,27.0,27.0,22.0
0.4983012457531144,27.0,27.0,27.0,21.0
0.5022026431718062,27.0,27.0,27.0,22.0
0.5158730158730159,27.0,27.0,27.0,22.0
0.507177033492823,27.0,27.0,27.0,22.0
0.5047043010752689,27.0,27.0,27.0,22.0
0.5124804992199687,27.0,27.0,27.0,21.0
0.5046357615894039,26.99205298013245,26.0,27.0,21.0
0.5019178082191781,26.44767123287671,26.0,27.0,21.0
0.5126630851880276,26.546431312356102,26.0,27.0,21.0
0.49912229373902867,26.14160327677004,26.0,27.0,21.0
0.4990936555891239,26.99154078549849,26.0,27.0,23.0
0.5123309466984884,27.0,27.0,27.0,25.0
0.5065535851966075,27.0,27.0,27.0,27.0
0.5063113604488079,27.0,27.0,27.0,28.0
0.5090562440419447,25.67397521448999,25.0,27.0,29.0
0.5041800643086817,24.441800643086818,24.0,26.0,29.0
0.5,24.486998916576383,24.0,25.0,30.0
0.5121739130434783,24.0,24.0,24.0,28.0
0.5084615384615384,24.83923076923077,24.0,26.0,27.0
0.5029904306220095,26.0,26.0,26.0,26.0
0.5144,26.0,26.0,26.0,26.0
0.5050071530758226,26.645207439198856,26.0,27.0,26.0
0.5021380574221136,26.992669517409897,26.0,27.0,25.0
0.5206143896523848,27.0,27.0,27.0,25.0
0.5096308186195827,27.0,27.0,27.0,25.0
0.5077138849929874,27.0,27.0,27.0,25.0
0.5065466448445172,27.0,27.0,27.0,25.0
0.5165289256198347,27.0,27.0,27.0,24.0
0.5022805017103763,27.0,27.0,27.0,24.0
0.5463442717328728,27.0,27.0,27.0,24.0
0.6785714285714286,25.47373949579832,24.0,27.0,23.0
0.7358374384236454,24.019704433497537,24.0,25.0,24.0
0.7312579415501906,24.0,24.0,24.0,25.0
0.6545454545454545,24.850267379679146,24.0,26.0,28.0
0.7216901408450704,24.0743661971831,23.0,25.0,28.0
0.6991576413959085,25.59987966305656,24.0,26.0,29.0
0.61295590636908,26.474686989657048,26.0,27.0,30.0
0.6862275449101797,26.162874251497005,25.0,27.0,30.0
0.7424501424501424,24.196581196581196,24.0,25.0,30.0
0.6862385321100918,24.184709480122326,24.0,25.0,29.0
0.7558338076266363,24.009675583380762,24.0,25.0,27.0
0.7367576243980738,24.974317817014445,24.0,26.0,27.0
0.6774361646690985,26.0,26.0,26.0,26.0
0.7358193277310925,26.0,26.0,26.0,25.0
0.7355718782791185,26.0199370409234,26.0,27.0,25.0
0.672566371681416,26.712649661634565,26.0,27.0,25.0
0.7351841964762413,26.995194874532835,26.0,27.0,26.0
0.6686615886833515,27.0,27.0,27.0,25.0
0.7777777777777778,27.0,27.0,27.0,25.0
0.6336633663366337,27.0,27.0,27.0,25.0
0.6837160751565762,27.0,27.0,27.0,25.0
0.7335390946502057,27.0,27.0,27.0,25.0
0.7437629937629938,27.0,27.0,27.0,25.0
0.6677316293929713,26.089989350372736,24.0,27.0,25.0
0.7206123564789503,24.013121924548933,24.0,25.0,25.0
0.7335058214747736,24.0,24.0,24.0,26.0
0.6709376820034945,24.0,24.0,24.0,27.0
0.7531428571428571,24.0,24.0,24.0,29.0
0.7400909681611436,24.333333333333332,24.0,25.0,31.0
0.6891793754538853,24.97893972403776,24.0,26.0,34.0
0.7376821651630812,24.060374739764054,24.0,25.0,35.0
0.7373935821872953,24.0,24.0,24.0,36.0
0.6794444444444444,23.975,23.0,24.0,36.0
0.7319360176503034,23.93656922228351,23.0,25.0,35.0
0.7390153520381154,25.022233986236103,25.0,26.0,33.0
0.6760858189429618,25.947671376242806,25.0,26.0,31.0
0.7383324593602517,26.0,26.0,26.0,29.0
0.7338541666666667,26.0,26.0,26.0,28.0
0.6759017250392054,26.02247778358599,26.0,27.0,27.0
0.7387669801462905,26.768547544409614,26.0,27.0,27.0
0.7348643006263048,26.997912317327767,26.0,27.0,26.0
0.6696149843912591,27.0,27.0,27.0,25.0
0.7469688982604111,27.0,27.0,27.0,26.0
0.7334244702665755,27.0,27.0,27.0,25.0
0.6743095362167796,27.0,27.0,27.0,25.0
0.7346938775510204,27.0,27.0,27.0,25.0
0.7288491854965844,27.0,27.0,27.0,23.0
0.6641427798810168,27.0,27.0,27.0,22.0
0.7418822234452394,24.59053384700055,24.0,27.0,22.0
0.7334076965978806,25.590630228667038,24.0,26.0,25.0
0.6706783369803063,24.0,24.0,24.0,28.0
0.7310690423162584,23.244432071269486,23.0,24.0,31.0
0.7391064533921676,23.546607832322117,23.0,24.0,32.0
0.6802541026998412,24.328745367919534,24.0,25.0,34.0
0.7356020942408377,25.72408376963351,25.0,26.0,35.0
0.7415496619864794,26.0,26.0,26.0,35.0
0.6683647478349465,26.221090168110035,26.0,27.0,35.0
0.7387012987012987,26.97194805194805,26.0,27.0,34.0
0.7340590979782271,27.0,27.0,27.0,32.0
0.6683937823834197,27.0,27.0,27.0,30.0
0.7331592689295039,27.0,27.0,27.0,28.0
0.7365145228215768,27.0,27.0,27.0,28.0
0.6682291666666667,27.0,27.0,27.0,27.0
0.7300930713547052,27.0,27.0,27.0,26.0
0.7346094154164511,27.0,27.0,27.0,27.0
0.6763258611262986,27.0,27.0,27.0,26.0
0.7412513255567338,27.0,27.0,27.0,26.0
0.7266903914590748,27.0,27.0,27.0,26.0
0.6753517457008859,27.0,27.0,27.0,26.0
0.7363731656184487,27.0,27.0,27.0,25.0
0.6921697549312612,27.0,27.0,27.0,25.0
0.65814696485623,27.0,27.0,27.0,25.0
0.7353556485355649,27.001046025104603,27.0,28.0,27.0
0.7328482328482329,27.11070686070686,27.0,28.0,29.0
0.6778006166495375,27.715827338129497,27.0,28.0,30.0
0.7410109431995832,27.974986972381448,27.0,28.0,32.0
0.7386541471048513,28.0,28.0,28.0,33.0
0.6689119170984456,28.0,28.0,28.0,34.0
0.7371995820271683,28.0,28.0,28.0,31.0
0.7418677859391396,28.0,28.0,28.0,30.0
0.6778593913955928,28.0,28.0,28.0,28.0
0.736732570239334,28.0,28.0,28.0,28.0
0.7384054194893174,28.0,28.0,28.0,26.0
0.6570247933884298,28.0,28.0,28.0,26.0
0.7341373885684321,28.0,28.0,28.0,26.0
0.7343832020997375,28.0,28.0,28.0,25.0
0.6664943123061013,28.0,28.0,28.0,25.0
0.6540847983453981,28.0,28.0,28.0,25.0
0.7296450939457203,28.0,28.0,28.0,25.0
0.7310149041873669,28.0,28.0,28.0,25.0
0.6596401028277635,28.0,28.0,28.0,25.0
0.7331592689295039,28.0,28.0,28.0,25.0
0.7392913802221047,27.905869910100478,26.0,28.0,25.0
0.6645401382243488,24.904306220095695,24.0,26.0,24.0
0.7411056376573618,23.939244663382595,23.0,24.0,25.0
0.7411367473269556,24.0,24.0,24.0,26.0
0.6682926829268293,24.0,24.0,24.0,27.0
0.7226006191950465,23.677399380804953,23.0,24.0,28.0
0.7301304863582444,23.79240806642942,23.0,25.0,28.0
0.673874926943308,25.561075394506137,24.0,26.0,28.0
0.7507114399544679,24.177575412635175,23.0,25.0,29.0
0.7294117647058823,23.64941176470588,23.0,24.0,29.0
0.668856048166393,23.08648056923919,23.0,24.0,29.0
0.7412327311370882,23.096174282678003,23.0,24.0,28.0
0.7414787624541164,24.965390665967487,24.0,25.0,28.0
0.6716883116883117,25.732987012987014,25.0,26.0,26.0
0.7344280860702151,26.0,26.0,26.0,25.0
0.7309299895506792,26.0,26.0,26.0,25.0
0.6702071163037706,26.38130642591609,26.0,27.0,25.0
0.7263602746962493,26.956682514527206,26.0,27.0,24.0
0.7244136460554371,27.0,27.0,27.0,24.0
0.673209549071618,27.0,27.0,27.0,24.0
0.7302839116719243,27.0,27.0,27.0,24.0
0.724113475177305,27.0,27.0,27.0,24.0
0.6614470842332614,27.0,27.0,27.0,22.0
0.7409948542024014,26.949685534591193,26.0,27.0,22.0
0.7371829465731247,26.504047490555855,26.0,27.0,22.0
0.6640042598509052,26.16560170394036,26.0,27.0,22.0
0.7242140099282957,26.0,26.0,26.0,22.0
0.7265625,26.327566964285715,26.0,27.0,24.0
0.6670454545454545,27.0,27.0,27.0,26.0
0.7270705947748749,27.0,27.0,27.0,26.0
0.7234279354479688,27.0,27.0,27.0,27.0
0.6535836177474402,27.306029579067122,27.0,28.0,27.0
0.7324690630524455,27.96700058927519,27.0,28.0,28.0
0.7212681638044914,27.966314398943197,27.0,28.0,28.0
0.6593659942363113,27.98328530259366,27.0,28.0,28.0
0.7304756312389901,27.998238402818554,27.0,28.0,27.0
0.7330198537095088,27.96394984326019,27.0,28.0,27.0
0.6657725321888412,27.800965665236053,27.0,28.0,25.0
0.7193410616229409,27.20744356314826,27.0,28.0,24.0
0.7264437689969605,27.002026342451874,27.0,28.0,23.0
0.6678794178794178,27.0,27.0,27.0,22.0
0.7298050139275766,27.0,27.0,27.0,22.0
0.728744939271255,27.0,27.0,27.0,22.0
0.6629737609329446,27.0,27.0,27.0,20.0
0.7361795292829776,27.0,27.0,27.0,18.0
0.7292553191489362,27.0,27.0,27.0,19.0
0.6635877491492465,27.0,27.0,27.0,20.0
0.7252641690682037,26.818924111431315,26.0,27.0,20.0
0.7320388349514563,25.930582524271845,25.0,26.0,20.0
0.6620654396728016,25.0,25.0,25.0,20.0
0.7356452529846503,25.0,25.0,25.0,20.0
0.7175202156334232,25.805929919137466,25.0,26.0,25.0
0.660212367270456,26.316677076826984,26.0,27.0,26.0
0.7282335178661299,26.992954202315047,26.0,27.0,27.0
0.7330978809283552,27.0,27.0,27.0,27.0
0.6629554655870445,27.0,27.0,27.0,28.0
0.7203065134099617,27.0,27.0,27.0,28.0
0.7401859504132231,27.0,27.0,27.0,28.0
0.663422131147541,27.0,27.0,27.0,27.0
0.7219387755102041,27.0,27.0,27.0,27.0
0.7370498273310311,27.0,27.0,27.0,26.0
0.6691880988401412,27.0,27.0,27.0,25.0
0.7161572052401747,27.0,27.0,27.0,25.0
0.7202122527737579,27.0,27.0,27.0,25.0
0.6625124626121635,27.0,27.0,27.0,24.0
0.7298485588666341,27.0,27.0,27.0,24.0
0.7347140039447732,27.0,27.0,27.0,24.0
0.6719289590527874,27.0,27.0,27.0,24.0
0.7283349561830574,27.0,27.0,27.0,24.0
0.7213114754098361,27.0,27.0,27.0,23.0
0.6634335596508244,27.0,27.0,27.0,23.0
0.7261146496815286,26.75404213620774,26.0,27.0,23.0
0.7383406971035837,26.0,26.0,26.0,23.0
0.6583087512291053,26.0,26.0,26.0,25.0
0.7216284987277354,26.0,26.0,26.0,26.0
0.7385103011093502,26.0,26.0,26.0,26.0
0.6647579385736595,26.450806871421136,26.0,27.0,27.0
0.7274600721277692,26.976300875837197,26.0,27.0,27.0
0.7294956698930208,27.0,27.0,27.0,27.0
0.6690684508492023,27.0,27.0,27.0,27.0
0.7297861241523214,27.0,27.0,27.0,27.0
0.7384180790960452,27.0,27.0,27.0,26.0
0.657762938230384,27.0,27.0,27.0,25.0
0.7271810388300555,27.0,27.0,27.0,24.0
0.7329070339399901,27.0,27.0,27.0,23.0
0.673804780876494,27.0,27.0,27.0,22.0
0.7345739471106758,27.0,27.0,27.0,22.0
0.7408506429277942,27.0,27.0,27.0,21.0
0.6622287968441815,27.0,27.0,27.0,21.0
0.6743674367436744,24.0,24.0,24.0,17.0
0.5,24.0,24.0,24.0,17.0
0.6467065868263473,24.0,24.0,24.0,17.0
0.6664994984954865,24.0,24.0,24.0,17.0
0.7383084577114428,23.998009950248758,23.0,24.0,17.0
0.7411294352823589,23.975012493753123,23.0,24.0,16.0
0.6550151975683891,23.846504559270517,23.0,24.0,16.0
0.7306733167082294,23.94214463840399,23.0,24.0,16.0
0.7406669985067198,23.998008959681435,23.0,24.0,18.0
0.6571569109690113,24.0,24.0,24.0,19.0
0.7330024813895781,24.0,24.0,24.0,19.0
0.7386363636363636,24.0,24.0,24.0,20.0
0.6536753823384311,24.0,24.0,24.0,21.0
0.7274569402228976,24.0,24.0,24.0,21.0
0.7350469599604548,23.998517053880377,23.0,24.0,18.0
0.6438085841144549,23.882585101134683,23.0,24.0,17.0
0.7203931203931204,23.6997542997543,23.0,24.0,19.0
0.7277667984189723,23.1852766798419,23.0,24.0,20.0
0.6471464019851116,23.003970223325062,23.0,24.0,19.0
0.7137196631996038,23.0,23.0,23.0,17.0
0.7338551859099804,23.0,23.0,23.0,16.0
0.6512437810945274,23.0,23.0,23.0,16.0
0.7198810114030739,23.0,23.0,23.0,16.0
0.7367639782285997,23.0,23.0,23.0,15.0
0.6512935883014623,23.0,23.0,23.0,18.0
0.6808510638297872,23.0,23.0,23.0,18.0
0.6559139784946236,23.0,23.0,23.0,18.0
0.6508557457212714,23.0,23.0,23.0,19.0
0.7273612463485881,22.881694255111977,22.0,23.0,19.0
0.7370225269343781,21.998041136141037,21.0,22.0,18.0
0.6511044176706827,22.0,22.0,22.0,18.0
0.7269736842105263,22.0,22.0,22.0,17.0
0.75,22.070328542094455,22.0,23.0,20.0
0.6619047619047619,22.951322751322753,22.0,23.0,21.0
0.7328,23.0,23.0,23.0,22.0
0.7352782279848731,23.0,23.0,23.0,23.0
0.6553815058110156,23.0,23.0,23.0,23.0
0.7263759086188992,23.0,23.0,23.0,22.0
0.7392894461859979,23.0,23.0,23.0,23.0
0.6530194472876152,23.0,23.0,23.0,22.0
0.727318803852002,23.0,23.0,23.0,21.0
0.7331047992164544,23.0,23.0,23.0,21.0
0.6467065868263473,23.0,23.0,23.0,21.0
0.7201017811704835,23.0,23.0,23.0,19.0
0.7406855439642325,23.0,23.0,23.0,20.0
0.6455633100697906,23.0,23.0,23.0,19.0
0.7225871652349671,23.0,23.0,23.0,16.0
0.7293827160493828,23.0,23.0,23.0,16.0
0.6522613065326633,23.0,23.0,23.0,19.0
0.5950920245398773,23.0,23.0,23.0,18.0
0.6684491978609626,22.946524064171122,22.0,23.0,18.0
0.6463897131552918,22.910979228486646,22.0,23.0,15.0
0.7321164282190429,22.532807104094722,22.0,23.0,17.0
0.7411417322834646,21.822834645669293,21.0,22.0,14.0
0.6468827930174563,22.0,22.0,22.0,16.0
0.7231197771587744,22.0,22.0,22.0,16.0
0.7354005167958656,22.0,22.0,22.0,17.0
0.6607252612169637,22.509526736324524,22.0,23.0,19.0
0.7237915881983679,23.0,23.0,23.0,21.0
0.7465277777777778,23.0,23.0,23.0,21.0
0.6511862695608278,23.0,23.0,23.0,23.0
0.7187817258883249,23.0,23.0,23.0,23.0
0.7280799112097669,23.0,23.0,23.0,24.0
0.652987012987013,23.0,23.0,23.0,24.0
0.7216284987277354,23.0,23.0,23.0,24.0
0.7421602787456446,23.0,23.0,23.0,22.0
0.6538255751738897,23.0,23.0,23.0,20.0
0.7167868177136972,23.0,23.0,23.0,19.0
0.6875,23.0,23.0,23.0,18.0
0.6395209580838324,23.0,23.0,23.0,18.0
0.723540731237973,23.0,23.0,23.0,17.0
0.75,23.0,23.0,23.0,16.0
0.6576633165829145,22.954145728643216,22.0,23.0,17.0
0.709717868338558,22.825078369905956,22.0,23.0,16.0
0.7039586919104991,22.710843373493976,22.0,23.0,16.0
0.6545893719806763,22.379830917874397,22.0,23.0,16.0
0.5,22.0,22.0,22.0,16.0
0.6733067729083665,22.0,22.0,22.0,19.0
0.6703910614525139,22.0,22.0,22.0,20.0
0.7211538461538461,22.002024291497975,22.0,23.0,23.0
0.7465648854961832,22.0,22.0,22.0,22.0
0.6545166402535658,22.145272054939248,22.0,23.0,22.0
0.7193717277486911,22.850785340314136,22.0,23.0,22.0
0.7412507171543317,22.91795754446357,22.0,23.0,22.0
0.6640625,22.994270833333335,22.0,23.0,22.0
0.7247658688865765,23.0,23.0,23.0,22.0
0.7411705348133198,22.974772956609485,22.0,23.0,20.0
0.6521956087824351,22.795409181636728,22.0,23.0,19.0
0.7221125370187562,22.490128331688055,22.0,23.0,17.0
0.7389138016940707,22.0,22.0,22.0,16.0
0.6557788944723618,22.0,22.0,22.0,16.0
0.7133757961783439,22.0,22.0,22.0,16.0
0.7355250245338567,22.0,22.0,22.0,16.0
0.6491405460060667,22.0,22.0,22.0,16.0
0.7176063303659743,22.0,22.0,22.0,16.0
0.7349165596919127,22.0,22.0,22.0,15.0
0.6562814070351759,22.0,22.0,22.0,18.0
0.7200791295746786,21.858061325420376,21.0,22.0,18.0
0.7421104536489151,21.160749506903354,21.0,22.0,18.0
0.6478589420654912,21.07103274559194,21.0,22.0,17.0
0.7177131189382338,21.666666666666668,21.0,22.0,17.0
0.7373563218390805,22.0,22.0,22.0,18.0
0.6477052359405301,22.0,22.0,22.0,16.0
0.710091743119266,22.0,22.0,22.0,18.0
0.7176148046607266,22.0,22.0,22.0,20.0
0.6497085320614733,22.0,22.0,22.0,20.0
0.718534253850239,22.0,22.0,22.0,21.0
0.7514677103718199,22.0,22.0,22.0,20.0
0.6585213032581454,22.0,22.0,22.0,21.0
0.724159402241594,22.0,22.0,22.0,19.0
0.7469574036511156,22.0,22.0,22.0,19.0
0.6539809714571858,22.0,22.0,22.0,18.0
0.7219463753723933,22.0,22.0,22.0,17.0
0.7438963627304435,22.0,22.0,22.0,17.0
0.656312625250501,22.0,22.0,22.0,17.0
0.7157738095238095,21.938492063492063,21.0,22.0,18.0
0.6517766497461929,21.151776649746193,21.0,22.0,17.0
0.7145688800792864,21.00049554013875,21.0,22.0,17.0
0.7317567567567568,21.0,21.0,21.0,17.0
0.6487154150197628,21.0,21.0,21.0,17.0
0.7233616808404202,21.0,21.0,21.0,16.0
0.7436661698956781,21.0,21.0,21.0,17.0
0.6464932126696833,20.854072398190045,20.0,21.0,16.0
0.725452196382429,20.26485788113695,20.0,21.0,17.0
0.7446153846153846,21.0,21.0,21.0,18.0
0.6583375828658847,21.0,21.0,21.0,19.0
0.722165991902834,21.0,21.0,21.0,20.0
0.741871921182266,21.0,21.0,21.0,20.0
0.6485813837730214,21.001991040318565,21.0,22.0,20.0
0.7098976109215017,21.03559239395417,21.0,22.0,21.0
0.7359328726554788,21.558736426456072,21.0,22.0,21.0
0.6448692152917505,21.501509054325957,21.0,22.0,21.0
0.723704076497232,21.048314041268245,21.0,22.0,21.0
0.7420792079207921,21.001485148514853,21.0,22.0,20.0
0.6531531531531531,21.0,21.0,21.0,19.0
0.7143574297188755,21.0,21.0,21.0,17.0
0.7335945151811949,21.0,21.0,21.0,17.0
0.6472346786248132,21.0,21.0,21.0,17.0
0.7088293650793651,21.0,21.0,21.0,13.0
0.7358024691358025,21.0,21.0,21.0,14.0
0.6531328320802005,21.0,21.0,21.0,14.0
0.723,21.0,21.0,21.0,14.0
0.7302764666217127,21.0,21.0,21.0,12.0
0.6567239635995955,21.0,21.0,21.0,12.0
0.7158415841584158,21.0,21.0,21.0,13.0
0.7483870967741936,21.0,21.0,21.0,0.0
0.6456335184250379,21.0,21.0,21.0,0.0
0.7203513909224012,21.0,21.0,21.0,0.0
0.7395782246199117,21.0,21.0,21.0,0.0
0.6535589845694375,21.0,21.0,21.0,19.0
0.7325349301397206,21.0,21.0,21.0,20.0
0.740246913580247,21.0,21.0,21.0,23.0
0.6554325955734407,21.0,21.0,21.0,23.0
0.724308300395257,21.0,21.0,21.0,25.0
0.7386363636363636,21.0,21.0,21.0,23.0
0.649402390438247,21.0,21.0,21.0,23.0
0.7252856433184302,21.0,21.0,21.0,23.0
0.7371859296482413,21.0,21.0,21.0,22.0
0.6525037936267072,21.0,21.0,21.0,20.0
0.7215315763301839,21.0,21.0,21.0,18.0
0.7395833333333334,21.0,21.0,21.0,17.0
0.6517362858580775,21.0,21.0,21.0,17.0
0.7300399201596807,21.0,21.0,21.0,16.0
0.7482517482517482,21.0,21.0,21.0,16.0
0.6501091703056768,21.0,21.0,21.0,16.0
0.7215253386853989,21.0,21.0,21.0,14.0
0.7399309551208285,21.0,21.0,21.0,15.0
0.6440339490763854,21.0,21.0,21.0,15.0
0.720873786407767,21.0,21.0,21.0,14.0
0.7329740323370897,21.0,21.0,21.0,14.0
0.6472672064777328,21.0,21.0,21.0,15.0
0.7142161635832522,21.0,21.0,21.0,15.0
0.7392607392607392,21.0,21.0,21.0,16.0
0.6499003984063745,21.0,21.0,21.0,16.0
0.7265042267528593,21.0,21.0,21.0,17.0
0.7368161655988171,21.0,21.0,21.0,20.0
0.6435091277890467,21.0,21.0,21.0,22.0
0.7173385138416707,21.0,21.0,21.0,23.0
0.7370478983382209,21.0,21.0,21.0,23.0
0.6628082536487166,21.0,21.0,21.0,23.0
0.7325581395348837,21.0,21.0,21.0,23.0
0.7352652259332023,21.0,21.0,21.0,22.0
0.6482793522267206,21.0,21.0,21.0,20.0
0.719626168224299,21.0,21.0,21.0,18.0
0.735191637630662,21.0,21.0,21.0,18.0
0.6483903420523138,21.0,21.0,21.0,18.0
0.7188577055637617,21.0,21.0,21.0,16.0
0.7418397626112759,21.0,21.0,21.0,15.0
0.6525990735975296,21.0,21.0,21.0,15.0
0.7198189134808853,21.0,21.0,21.0,15.0
0.7244501940491591,21.0,21.0,21.0,14.0
0.6573529411764706,21.0,21.0,21.0,14.0
0.7397058823529412,21.0,21.0,21.0,13.0
0.7332681973619931,21.0,21.0,21.0,13.0
0.6475368207211782,21.0,21.0,21.0,15.0
0.7192288680177954,21.0,21.0,21.0,15.0
0.7372047244094488,21.0,21.0,21.0,17.0
0.6459163346613546,21.0,21.0,21.0,19.0
0.7151248164464024,21.0,21.0,21.0,22.0
0.7481259370314842,21.0,21.0,21.0,23.0
0.6577215189873418,21.0,21.0,21.0,21.0
0.7137913989125062,21.0,21.0,21.0,23.0
0.7448928749377179,21.0,21.0,21.0,23.0
0.6550855991943605,21.0,21.0,21.0,23.0
0.7181862506094588,21.0,21.0,21.0,22.0
0.7456532538499752,21.0,21.0,21.0,21.0
0.6625,21.0,21.0,21.0,19.0
0.7163958641063516,21.0,21.0,21.0,18.0
0.7338908017707821,21.0,21.0,21.0,18.0
0.6550505050505051,21.0,21.0,21.0,18.0
0.7195793690535803,21.0,21.0,21.0,17.0
0.7437437437437437,21.0,21.0,21.0,17.0
0.6529680365296804,21.0,21.0,21.0,16.0
0.7174556213017751,21.0,21.0,21.0,16.0
0.7144032921810699,21.0,21.0,21.0,16.0
0.6552748885586924,21.0,21.0,21.0,16.0
0.7283889980353635,20.981335952848724,20.0,21.0,16.0
0.7330361565131253,20.137196631996037,20.0,21.0,17.0
0.6377320622177621,20.123432012042148,20.0,21.0,16.0
0.7178470254957507,20.94844192634561,20.0,21.0,17.0
0.7426564495530013,21.0,21.0,21.0,18.0
0.6470933646506165,21.0,21.0,21.0,21.0
0.7171411265899454,21.0,21.0,21.0,22.0
0.753315649867374,21.0,21.0,21.0,22.0
0.655746229849194,21.0,21.0,21.0,24.0
0.725201072386059,21.001340482573728,21.0,22.0,23.0
0.7503276539973788,21.237876802096984,21.0,22.0,22.0
0.6496619545175168,21.872157344806393,21.0,22.0,22.0
0.7175014068655037,21.888576252110298,21.0,22.0,23.0
0.7525714285714286,21.514285714285716,21.0,22.0,21.0
0.6554478037649744,21.007986309184254,21.0,22.0,20.0
0.7179080824088748,21.0,21.0,21.0,18.0
0.7402898550724638,21.0,21.0,21.0,18.0
0.6551518761167362,21.0,21.0,21.0,17.0
0.7232779097387173,21.0,21.0,21.0,16.0
0.7532838378069674,21.0,21.0,21.0,15.0
0.6438428874734607,21.0,21.0,21.0,15.0
0.7235955056179775,21.0,21.0,21.0,14.0
0.7343522561863173,21.0,21.0,21.0,14.0
0.6455969746083198,21.0,21.0,21.0,13.0
0.7313432835820896,20.89712153518124,20.0,21.0,13.0
0.7510204081632653,20.0,20.0,20.0,12.0
0.6354285714285715,20.0,20.0,20.0,12.0
0.7037533512064343,20.758713136729224,20.0,21.0,12.0
0.7359512525389302,21.0,21.0,21.0,0.0
0.6407766990291263,21.0,21.0,21.0,0.0
0.7273361227336123,21.0,21.0,21.0,21.0
0.75,21.009345794392523,21.0,22.0,23.0
0.6591836734693878,21.430612244897958,21.0,22.0,23.0
0.7202416918429003,22.0,22.0,22.0,24.0
0.7458628841607565,22.0,22.0,22.0,25.0
0.642811501597444,22.0,22.0,22.0,25.0
0.7331189710610932,22.0,22.0,22.0,25.0
0.7463855421686747,22.0,22.0,22.0,23.0
0.6606936416184971,22.0,22.0,22.0,22.0
0.7204658901830283,21.99389905712701,21.0,22.0,21.0
0.7514088916718847,21.950532247964933,21.0,22.0,21.0
0.651879235982748,21.850893407270487,21.0,22.0,20.0
0.7271176805002842,21.891415577032404,21.0,22.0,19.0
0.7347328244274809,21.640585241730278,21.0,22.0,20.0
0.6573472041612484,21.11378413524057,21.0,22.0,19.0
0.7186943620178041,21.000593471810088,21.0,22.0,19.0
0.7516077170418006,21.0,21.0,21.0,18.0
0.655130540376442,21.0,21.0,21.0,19.0
0.7304710793082886,21.0,21.0,21.0,18.0
0.7473942366646229,21.0,21.0,21.0,18.0
0.6314481044126787,21.0,21.0,21.0,17.0
0.7078787878787879,21.0,21.0,21.0,19.0
0.6875399361022364,21.315015974440893,21.0,22.0,22.0
0.6496887379739672,21.996038483305036,21.0,22.0,24.0
0.7126909518213866,22.0,22.0,22.0,25.0
0.7432506887052341,22.0,22.0,22.0,27.0
0.6608391608391608,22.0,22.0,22.0,27.0
0.7167310877967974,22.0,22.0,22.0,28.0
0.7386223862238622,22.0,22.0,22.0,29.0
0.6494444444444445,22.0,22.0,22.0,26.0
0.7148080438756855,22.0,22.0,22.0,24.0
0.7410951621477937,22.0,22.0,22.0,22.0
0.6469534050179212,22.0,22.0,22.0,21.0
0.7140319715808171,22.0,22.0,22.0,17.0
0.7436670687575392,22.0,22.0,22.0,17.0
0.6424809830310123,22.0,22.0,22.0,17.0
0.7106481481481481,22.0,22.0,22.0,16.0
0.6366594360086768,22.0,22.0,22.0,16.0
0.7059538274605103,22.0,22.0,22.0,14.0
0.7331109257714762,22.0,22.0,22.0,14.0
0.6634991615427613,22.0,22.0,22.0,14.0
0.7083091226031377,22.0,22.0,22.0,14.0
0.7610062893081762,22.0,22.0,22.0,13.0
0.6460381723539619,22.0,22.0,22.0,13.0
0.7187279151943463,22.0,22.0,22.0,14.0
0.7550776583034647,22.0,22.0,22.0,14.0
0.6489241223103058,22.0,22.0,22.0,20.0
0.7076693227091634,22.0,22.0,22.0,21.0
0.740400216333153,22.0,22.0,22.0,25.0
0.6460739030023095,22.875288683602772,22.0,23.0,25.0
0.7174048658764816,23.0,23.0,23.0,27.0
0.7416927899686521,23.0,23.0,23.0,26.0
0.6552346570397112,23.0,23.0,23.0,26.0
0.7168900804289544,23.0,23.0,23.0,26.0
0.7396694214876033,23.0,23.0,23.0,24.0
0.645910290237467,23.0,23.0,23.0,22.0
0.701530612244898,23.0,23.0,23.0,20.0
0.7478797224363917,23.0,23.0,23.0,20.0
0.6411764705882353,22.99705882352941,22.0,23.0,21.0
0.706103993971364,22.981914091936698,22.0,23.0,20.0
0.7532258064516129,22.98467741935484,22.0,23.0,19.0
0.6533139111434815,22.8557902403496,22.0,23.0,19.0
0.6979241231209735,22.90050107372942,22.0,23.0,19.0
0.7305801376597837,22.780727630285153,22.0,23.0,18.0
0.6505305039787799,22.661140583554378,22.0,23.0,19.0
0.7110344827586207,22.224827586206896,22.0,23.0,18.0
0.747599451303155,22.00960219478738,22.0,23.0,18.0
0.6290438533429188,22.009345794392523,22.0,23.0,18.0
0.7141673570836785,22.328914664457333,22.0,23.0,19.0
0.7600341588385995,22.965841161400512,22.0,23.0,20.0
0.6525515743756786,23.0,23.0,23.0,22.0
0.7191818684355997,23.0,23.0,23.0,23.0
0.746629213483146,23.0,23.0,23.0,25.0
0.6617100371747212,23.0,23.0,23.0,25.0
0.7186878727634195,23.0,23.0,23.0,25.0
0.739656912209889,23.0,23.0,23.0,24.0
0.6465863453815262,23.0,23.0,23.0,23.0
0.7294416243654822,23.0,23.0,23.0,23.0
0.7502558853633572,23.0,23.0,23.0,22.0
0.6546762589928058,23.0,23.0,23.0,21.0
0.7157360406091371,23.0,23.0,23.0,21.0
0.7455919395465995,23.0,23.0,23.0,21.0
0.6484414920797138,23.0,23.0,23.0,21.0
0.7109768378650554,23.0,23.0,23.0,20.0
0.6579378068739771,23.0,23.0,23.0,19.0
0.7006060606060606,23.0,23.0,23.0,18.0
0.6792452830188679,23.0,23.0,23.0,18.0
0.6357179096905125,23.0,23.0,23.0,18.0
0.7134625458355159,23.0,23.0,23.0,18.0
0.7471383975026015,22.971904266389178,22.0,23.0,18.0
0.6440062272963155,22.775817332641413,22.0,23.0,18.0
0.7194092827004219,22.768987341772153,22.0,23.0,18.0
0.7490965410428497,22.790397521941145,22.0,23.0,19.0
0.6498231430015159,22.787266296109145,22.0,23.0,18.0
0.7185778668002003,22.817225838758137,22.0,23.0,19.0
0.7366849178695869,22.83424589347934,22.0,23.0,19.0
0.6532299741602067,22.88578811369509,22.0,23.0,19.0
0.7113556778389195,22.810405202601302,22.0,23.0,19.0
0.7378843147472642,22.769150599270453,22.0,23.0,19.0
0.6508097165991903,22.437753036437247,22.0,23.0,19.0
0.7088544272136068,22.092046023011505,22.0,23.0,18.0
0.742539200809307,22.0,22.0,22.0,18.0
0.6412060301507537,22.0,22.0,22.0,17.0
0.7078373015873016,22.0,22.0,22.0,18.0
0.7347140039447732,22.0,22.0,22.0,18.0
0.6463039014373717,22.0,22.0,22.0,19.0
0.7054899948691636,22.0,22.0,22.0,19.0
0.6230088495575221,22.0,22.0,22.0,19.0
0.5588235294117647,22.0,22.0,22.0,19.0
0.6455696202531646,22.0,22.0,22.0,19.0
0.6407617086978898,22.0,22.0,22.0,19.0
0.7168096920747098,22.0,22.0,22.0,19.0
0.7441266598569969,22.0,22.0,22.0,19.0
0.6389597144314125,22.0,22.0,22.0,19.0
0.7219638242894056,22.0,22.0,22.0,19.0
0.7367875647668394,22.0,22.0,22.0,20.0
0.6478201634877384,22.0,22.0,22.0,21.0
0.7087323943661972,22.0,22.0,22.0,20.0
0.7014051522248244,22.0,22.0,22.0,20.0
0.6292384658143413,22.0,22.0,22.0,22.0
0.7126436781609196,22.009578544061302,22.0,23.0,22.0
0.7422497785651019,22.54561558901683,22.0,23.0,21.0
0.6430363864491845,22.1198243412798,22.0,23.0,19.0
0.7129629629629629,22.0,22.0,22.0,20.0
0.7495039682539683,22.0,22.0,22.0,20.0
0.6576168929110106,22.0,22.0,22.0,20.0
0.6982968369829684,22.0,22.0,22.0,19.0
0.75,22.0,22.0,22.0,19.0
0.6352370689655172,22.0,22.0,22.0,20.0
0.7123098201936376,22.0,22.0,22.0,19.0
0.7590361445783133,22.0,22.0,22.0,19.0
0.6512820512820513,22.0,22.0,22.0,19.0
0.7117617364967188,22.0,22.0,22.0,19.0
0.7393188854489164,22.0,22.0,22.0,19.0
0.6465,22.0,22.0,22.0,19.0
0.708312593330015,22.0,22.0,22.0,20.0
0.7505,21.491,21.0,22.0,19.0
0.6395939086294417,21.823350253807106,21.0,22.0,20.0
0.7142099681866384,21.8626723223754,21.0,22.0,19.0
0.7433035714285714,22.0,22.0,22.0,20.0
0.6475595913734393,22.0,22.0,22.0,21.0
0.7062330623306233,22.0,22.0,22.0,21.0
0.7404699738903394,22.0,22.0,22.0,21.0
0.6534921494315106,22.0,22.0,22.0,22.0
0.7120761451516954,22.0,22.0,22.0,22.0
0.7466666666666667,22.0,22.0,22.0,22.0
0.6443624868282403,22.0,22.0,22.0,22.0
0.7067307692307693,22.0,22.0,22.0,21.0
0.7458006718924972,22.0,22.0,22.0,20.0
0.6473846153846153,22.0,22.0,22.0,20.0
0.7015221707478491,22.0,22.0,22.0,19.0
0.7410154021677124,22.0,22.0,22.0,19.0
0.6429479034307497,22.0,22.0,22.0,19.0
0.7149791955617198,22.0,22.0,22.0,19.0
0.7627715795654727,22.0,22.0,22.0,19.0
0.6372222222222222,22.0,22.0,22.0,18.0
0.7181400688863375,22.0,22.0,22.0,18.0
0.7615248226950354,22.0,22.0,22.0,18.0
0.6389593908629442,22.0,22.0,22.0,17.0
0.7102206736353078,22.0,22.0,22.0,18.0
0.7556536127964699,21.177606177606176,21.0,22.0,19.0
0.6353305785123967,21.0,21.0,21.0,19.0
0.7112561174551386,21.0,21.0,21.0,20.0
0.7505896226415094,21.815448113207548,21.0,22.0,21.0
0.6345256609642301,21.99222395023328,21.0,22.0,21.0
0.7101449275362319,22.0,22.0,22.0,21.0
0.74581589958159,22.0,22.0,22.0,21.0
0.6344863190500775,22.0,22.0,22.0,19.0
0.7058189655172413,22.0,22.0,22.0,19.0
0.7417049515058703,22.0,22.0,22.0,19.0
0.639361154044307,22.0,22.0,22.0,19.0
0.7119914346895075,22.0,22.0,22.0,18.0
0.7452878247580235,22.0,22.0,22.0,17.0
0.646551724137931,22.0,22.0,22.0,17.0
0.7197802197802198,22.0,22.0,22.0,17.0
0.7503774534474081,22.0,22.0,22.0,17.0
0.6470292044310171,22.0,22.0,22.0,17.0
0.6351626016260162,21.997967479674795,21.0,22.0,16.0
0.702920443101712,21.95619335347432,21.0,22.0,17.0
0.723348593852191,21.86919555264879,21.0,22.0,17.0
0.6476527006562343,21.6678445229682,21.0,22.0,17.0
0.7050964868876793,21.414151410192975,21.0,22.0,16.0
0.7462760675273088,20.980139026812314,20.0,22.0,16.0
0.6391857506361324,21.0,21.0,21.0,16.0
0.7143628509719222,21.0,21.0,21.0,16.0
0.7545691906005222,21.0,21.0,21.0,18.0
0.6530825496342738,21.045454545454547,21.0,22.0,19.0
0.724812030075188,21.464160401002506,21.0,22.0,21.0
0.7432266009852216,21.788177339901477,21.0,22.0,22.0
0.6170966110268084,21.964087000505817,21.0,22.0,20.0
0.6888888888888889,22.0,22.0,22.0,19.0
0.7415,22.0,22.0,22.0,21.0
0.6450127877237851,22.0,22.0,22.0,21.0
0.7150232318017553,22.0,22.0,22.0,19.0
0.7457372116349047,22.0,22.0,22.0,18.0
0.638395124428644,22.0,22.0,22.0,18.0
0.7033349925335988,21.980587356893977,21.0,22.0,17.0
0.7408142999006951,21.893247269116188,21.0,22.0,16.0
0.6325301204819277,21.681726907630523,21.0,22.0,16.0
0.7016520894071915,21.413508260447035,21.0,22.0,15.0
0.6247484909456741,21.0,21.0,21.0,15.0
0.7018791264601321,21.0,21.0,21.0,14.0
0.7427184466019418,21.0,21.0,21.0,14.0
0.642089093701997,21.0,21.0,21.0,13.0
0.7044673539518901,21.0,21.0,21.0,11.0
0.73843858776728,20.155643958229735,20.0,21.0,12.0
0.6217912150598973,20.0,20.0,20.0,13.0
0.6979405034324943,20.784324942791763,20.0,21.0,14.0
0.7288557213930348,21.0,21.0,21.0,17.0
0.6467251160391955,21.0,21.0,21.0,20.0
0.700904736562001,21.0,21.0,21.0,21.0
0.755223880597015,21.0,21.0,21.0,22.0
0.6333333333333333,21.0,21.0,21.0,22.0
0.7003934794828556,21.00168634064081,21.0,22.0,22.0
0.7415342087076711,21.00138217000691,21.0,22.0,21.0
0.6284376828554711,21.0,21.0,21.0,20.0
0.6966580976863753,21.043701799485863,21.0,22.0,19.0
0.750256937307297,21.0,21.0,21.0,16.0
0.6298537569339385,21.0,21.0,21.0,15.0
0.7144283574638043,21.0,21.0,21.0,15.0
0.7443495730788549,21.0,21.0,21.0,14.0
0.6839979808177689,21.0,21.0,21.0,14.0
0.745881178232651,21.0,21.0,21.0,13.0
0.7292490118577075,21.0,21.0,21.0,13.0
0.6285563751317176,21.0,21.0,21.0,12.0
0.7015655577299413,21.0,21.0,21.0,12.0
0.749003984063745,21.0,21.0,21.0,12.0
0.6100823045267489,21.0,21.0,21.0,12.0
0.7034107760751359,21.0,21.0,21.0,13.0
0.7453109575518263,21.0,21.0,21.0,15.0
0.6416416416416416,21.0,21.0,21.0,18.0
0.7074235807860262,21.0,21.0,21.0,19.0
0.754604280736685,21.0,21.0,21.0,21.0
0.6837905236907731,21.0,21.0,21.0,21.0
0.7468043264503441,21.0,21.0,21.0,21.0
0.7517412935323383,21.0,21.0,21.0,21.0
0.6380655226209049,21.0,21.0,21.0,21.0
0.695139911634757,21.0,21.0,21.0,20.0
0.7473684210526316,21.0,21.0,21.0,19.0
0.6286644951140065,21.0,21.0,21.0,19.0
0.7053164556962025,21.0,21.0,21.0,18.0
0.7463216641298833,21.0,21.0,21.0,19.0
0.6322269807280514,21.0,21.0,21.0,18.0
0.6941772151898734,21.0,21.0,21.0,18.0
0.6650406504065041,21.0,21.0,21.0,18.0
0.7071428571428572,21.0,21.0,21.0,19.0
0.6794258373205742,21.0,21.0,21.0,19.0
0.6244979919678715,21.0,21.0,21.0,18.0
0.7092337917485265,21.0,21.0,21.0,18.0
0.749618320610687,21.0,21.0,21.0,18.0
0.6561244979919679,21.0,21.0,21.0,18.0
0.7468982630272953,21.0,21.0,21.0,18.0
0.7513674788662357,21.0,21.0,21.0,19.0
0.6389324960753532,21.0,21.0,21.0,20.0
0.6961406936980947,21.0,21.0,21.0,21.0
0.7406296851574213,21.0,21.0,21.0,22.0
0.6353901070882203,21.0,21.0,21.0,23.0
0.7146377525874815,21.0,21.0,21.0,23.0
0.7387431964374073,21.0,21.0,21.0,24.0
0.6203025866276233,21.0,21.0,21.0,22.0
0.7029369282619162,21.0,21.0,21.0,22.0
0.7383406971035837,21.0,21.0,21.0,22.0
0.6643598615916955,21.0,21.0,21.0,22.0
0.7440828402366864,21.0,21.0,21.0,22.0
0.7466600692726373,21.0,21.0,21.0,21.0
0.6621160409556314,21.0,21.0,21.0,21.0
0.6627906976744186,20.0,20.0,20.0,15.0
0.6860706860706861,20.0,20.0,20.0,15.0
0.7462908011869436,20.0,20.0,20.0,15.0
0.7412345679012345,20.0,20.0,20.0,15.0
0.6548096192384769,19.22945891783567,19.0,20.0,13.0
0.747658945293248,19.0,19.0,19.0,12.0
0.7469758064516129,19.0,19.0,19.0,10.0
0.6538854805725971,19.00869120654397,19.0,20.0,12.0
0.7217888715548622,19.617264690587625,19.0,20.0,14.0
0.7152740819584885,20.0,20.0,20.0,17.0
0.6578263130525221,20.0,20.0,20.0,19.0
0.7427016328550222,20.0,20.0,20.0,21.0
0.7408350305498982,20.0,20.0,20.0,21.0
0.6681614349775785,20.0,20.0,20.0,22.0
0.7342727730246603,20.0,20.0,20.0,22.0
0.7421919363997729,20.0,20.0,20.0,16.0
0.6661676646706587,20.0,20.0,20.0,15.0
0.7438665358194309,20.0,20.0,20.0,14.0
0.724766125061546,20.0,20.0,20.0,15.0
0.6732771442736738,20.0,20.0,20.0,16.0
0.7430555555555556,20.0,20.0,20.0,14.0
0.6689895470383276,20.0,20.0,20.0,13.0
0.625,20.0,20.0,20.0,12.0
0.7032520325203252,20.0,20.0,20.0,11.0
0.6608652411735455,20.0,20.0,20.0,9.0
0.7502487562189055,20.0,20.0,20.0,9.0
0.7492492492492493,19.95795795795796,19.0,20.0,9.0
0.6453400503778337,18.783375314861463,18.0,20.0,8.0
0.7464162135442413,18.990608007909046,18.0,19.0,8.0
0.7418546365914787,19.0,19.0,19.0,9.0
0.6825232678386763,19.0,19.0,19.0,10.0
0.7373453318335208,19.0,19.0,19.0,15.0
0.7370313302516692,19.0,19.0,19.0,18.0
0.6603015075376885,19.167336683417087,19.0,20.0,20.0
0.7385685884691849,19.971669980119284,19.0,20.0,22.0
0.7278138528138528,20.0,20.0,20.0,21.0
0.6276214833759591,20.0,20.0,20.0,21.0
0.73309241094476,20.0,20.0,20.0,20.0
0.7229524772497472,20.0,20.0,20.0,18.0
0.6674987518721918,20.0,20.0,20.0,18.0
0.7493845396356474,20.0,20.0,20.0,15.0
0.7412518482010843,20.0,20.0,20.0,16.0
0.6778797145769623,19.990825688073393,19.0,20.0,15.0
0.7404129793510325,19.96411012782694,19.0,20.0,13.0
0.7405375754251234,19.923203510696656,19.0,20.0,14.0
0.5909090909090909,19.5,19.0,20.0,13.0
0.68,19.68,19.0,20.0,13.0
0.6721393034825871,19.371641791044777,19.0,20.0,12.0
0.7556874381800198,19.12116716122651,19.0,20.0,12.0
0.742603550295858,19.000986193293887,19.0,20.0,11.0
0.6383292383292384,19.0,19.0,19.0,11.0
0.73992133726647,19.0,19.0,19.0,10.0
0.741,19.012,19.0,20.0,11.0
0.6624685138539043,19.8272040302267,19.0,20.0,15.0
0.744874715261959,19.95501138952164,19.0,20.0,18.0
0.7169609416800428,19.98501872659176,19.0,20.0,20.0
0.6685508735868448,20.0,20.0,20.0,21.0
0.7480798771121352,20.0,20.0,20.0,22.0
0.7479892761394102,20.0,20.0,20.0,22.0
0.675848499754058,20.0,20.0,20.0,22.0
0.7373788883222846,20.0,20.0,20.0,21.0
0.7495863210148924,20.0,20.0,20.0,18.0
0.6748285994123409,20.0,20.0,20.0,18.0
0.7490234375,20.0,20.0,20.0,17.0
0.7381889763779528,20.0,20.0,20.0,17.0
0.6714356191415886,20.0,20.0,20.0,15.0
0.7501220107369448,20.0,20.0,20.0,17.0
0.734390485629336,20.0,20.0,20.0,15.0
0.7503678273663561,19.917116233447768,19.0,20.0,14.0
0.7204030226700252,19.7120067170445,19.0,20.0,13.0
0.6814777833250125,19.26410384423365,19.0,20.0,12.0
0.7436893203883496,19.008252427184466,19.0,20.0,11.0
0.7411364740165128,19.0,19.0,19.0,10.0
0.6528884462151394,19.0,19.0,19.0,11.0
0.7473275024295433,19.0,19.0,19.0,9.0
0.7490234375,19.0,19.0,19.0,9.0
0.639386189258312,19.0,19.0,19.0,10.0
0.7174603174603175,19.0,19.0,19.0,13.0
0.7327166504381695,19.0,19.0,19.0,17.0
0.6503156872268091,19.0,19.0,19.0,19.0
0.7368166424770198,19.0,19.0,19.0,21.0
0.7418879056047197,19.0,19.0,19.0,23.0
0.6628543013426156,19.0,19.0,19.0,24.0
0.75,19.0,19.0,19.0,23.0
0.7400990099009901,19.0,19.0,19.0,22.0
0.6705824767498776,19.0,19.0,19.0,20.0
0.7491358024691358,19.0,19.0,19.0,17.0
0.7357563850687623,19.0,19.0,19.0,16.0
0.6678286852589641,19.0,19.0,19.0,15.0
0.7439684884293452,19.0,19.0,19.0,12.0
0.7355577689243028,19.0,19.0,19.0,13.0
0.6787807737397421,19.0,19.0,19.0,11.0
0.5,19.0,19.0,19.0,10.0
0.7071129707112971,19.0,19.0,19.0,10.0
0.662831415707854,19.0,19.0,19.0,9.0
0.7446078431372549,19.0,19.0,19.0,9.0
0.7397124442240952,19.0,19.0,19.0,10.0
0.6527006562342251,19.0,19.0,19.0,9.0
0.7487781036168133,19.0,19.0,19.0,9.0
0.7458045409674235,19.0,19.0,19.0,8.0
0.6774987690792713,19.0,19.0,19.0,9.0
0.7453748782862707,19.0,19.0,19.0,13.0
0.733531451213472,19.0,19.0,19.0,16.0
0.6648351648351648,19.0,19.0,19.0,19.0
0.7437774524158126,19.0,19.0,19.0,22.0
0.7340787554691298,19.0,19.0,19.0,20.0
0.6729341909945572,19.0,19.0,19.0,19.0
0.7487733071638861,19.0,19.0,19.0,19.0
0.7367639782285997,19.0,19.0,19.0,18.0
0.6556900726392252,19.0,19.0,19.0,16.0
0.736587723537941,19.0,19.0,19.0,15.0
0.7442786069651741,19.0,19.0,19.0,15.0
0.6617502458210422,19.0,19.0,19.0,14.0
0.738238841978287,19.0,19.0,19.0,14.0
0.5,19.0,19.0,19.0,14.0
0.6965811965811965,19.0,19.0,19.0,13.0
0.6610505450941526,19.0,19.0,19.0,14.0
0.7470414201183432,19.0,19.0,19.0,12.0
0.7321341759844434,19.0,19.0,19.0,13.0
0.6503251625812907,18.74687343671836,18.0,19.0,12.0
0.7423432182790471,19.0,19.0,19.0,12.0
0.7456093666844066,19.0,19.0,19.0,13.0
0.6618819776714514,19.0,19.0,19.0,14.0
0.6961299569995222,19.0,19.0,19.0,15.0
0.6828160484481454,19.23012869038607,19.0,20.0,17.0
0.6267893660531697,19.929447852760735,19.0,20.0,19.0
0.7291770573566084,19.969077306733165,19.0,20.0,20.0
0.7365562194459533,20.0,20.0,20.0,21.0
0.6092077087794433,20.0,20.0,20.0,21.0
0.6847372810675563,20.0,20.0,20.0,22.0
0.7,20.0,20.0,20.0,18.0
0.7572093023255814,19.826976744186048,19.0,20.0,19.0
0.739424703891709,19.81218274111675,19.0,20.0,15.0
0.6444773175542406,19.796351084812624,19.0,20.0,14.0
0.75,19.763235294117646,19.0,20.0,14.0
0.7488789237668162,19.20279023418037,19.0,20.0,13.0
0.6648487853247397,19.0,19.0,19.0,14.0
0.7490272373540856,19.0,19.0,19.0,14.0
0.7420135527589545,19.0,19.0,19.0,13.0
0.6781781781781782,19.0,19.0,19.0,13.0
0.7513487003433056,19.0,19.0,19.0,12.0
0.7416034669555797,19.0,19.0,19.0,12.0
0.6678048780487805,19.0,19.0,19.0,12.0
0.7496346809547004,19.0,19.0,19.0,12.0
0.7407045009784736,19.0,19.0,19.0,12.0
0.6497512437810945,17.734825870646766,17.0,19.0,12.0
0.7378640776699029,17.999029126213593,17.0,18.0,14.0
0.7346326836581709,18.0,18.0,18.0,15.0
0.6680965147453083,18.0,18.0,18.0,16.0
0.7181303116147308,18.0,18.0,18.0,17.0
0.6519607843137255,18.008986928104576,18.0,19.0,18.0
0.6260869565217392,18.75594202898551,18.0,19.0,19.0
0.7487512487512488,18.946053946053947,18.0,19.0,19.0
0.738206324520477,19.0,19.0,19.0,16.0
0.6598240469208211,19.0,19.0,19.0,17.0
0.7406855439642325,19.0,19.0,19.0,17.0
0.757360959651036,19.0,19.0,19.0,16.0
0.6556812592228234,19.0,19.0,19.0,15.0
0.7453476983349657,19.0,19.0,19.0,15.0
0.7427304090685066,19.0,19.0,19.0,15.0
0.6617647058823529,19.0,19.0,19.0,15.0
0.7535452322738386,19.0,19.0,19.0,15.0
0.7440505099562894,19.0,19.0,19.0,14.0
0.7390562819783968,19.0,19.0,19.0,14.0
0.6618075801749271,19.0,19.0,19.0,14.0
0.75341796875,19.0,19.0,19.0,15.0
0.7448173741362291,19.0,19.0,19.0,14.0
0.6439920556107249,18.093346573982124,18.0,19.0,14.0
0.6877450980392157,18.0,18.0,18.0,13.0
0.7348484848484849,18.0,18.0,18.0,14.0
0.6322140608604407,18.075026232948584,18.0,19.0,15.0
0.6872378669862192,18.62552426602756,18.0,19.0,15.0
0.7442622950819672,18.8448087431694,18.0,19.0,16.0
0.6415882967607106,18.982236154649947,18.0,19.0,18.0
0.7419028340080972,19.0,19.0,19.0,20.0
0.7338530066815144,19.0,19.0,19.0,19.0
0.6771531717380093,19.0,19.0,19.0,20.0
0.746524064171123,19.0,19.0,19.0,20.0
0.7377551020408163,19.124489795918368,19.0,20.0,19.0
0.6594349142280524,19.0343087790111,19.0,20.0,18.0
0.7473012757605496,19.0,19.0,19.0,16.0
0.7437686939182453,19.0,19.0,19.0,14.0
0.6635047428856715,19.0,19.0,19.0,14.0
0.742997542997543,19.0,19.0,19.0,12.0
0.6197183098591549,19.0,19.0,19.0,12.0
0.6818181818181818,19.0,19.0,19.0,14.0
0.6111111111111112,19.0,19.0,19.0,12.0
0.679144385026738,19.0,19.0,19.0,12.0
0.655940594059406,19.0,19.0,19.0,12.0
0.7425646026328621,19.0,19.0,19.0,12.0
0.7558082056351952,19.0,19.0,19.0,10.0
0.6497145822522055,18.05552672548002,18.0,19.0,11.0
0.7555446032528339,18.043371118777724,18.0,19.0,13.0
0.7452127659574468,18.354787234042554,18.0,19.0,11.0
0.6632284682826199,18.967509025270758,18.0,19.0,12.0
0.7539267015706806,19.0,19.0,19.0,15.0
0.7427385892116183,19.00155601659751,19.0,20.0,16.0
0.6255731023942944,19.426897605705552,19.0,20.0,16.0
0.7470737913486005,19.918575063613233,19.0,20.0,19.0
0.7407407407407407,20.0,20.0,20.0,19.0
0.6676891615541922,20.0,20.0,20.0,20.0
0.7406417112299465,20.0,20.0,20.0,20.0
0.7473417721518988,20.0,20.0,20.0,18.0
0.676923076923077,20.0,20.0,20.0,18.0
0.7515799708313077,20.0,20.0,20.0,16.0
0.7502453385672228,20.0,20.0,20.0,15.0
0.6669941060903732,20.0,20.0,20.0,13.0
0.75726243229936,19.937469226981783,19.0,20.0,12.0
0.7408866995073892,19.68374384236453,19.0,20.0,13.0
0.6438040345821325,19.061671469740634,19.0,20.0,13.0
0.6153846153846154,19.0,19.0,19.0,13.0
0.6820276497695853,19.0,19.0,19.0,12.0
0.6782776971456217,19.0,19.0,19.0,12.0
0.7434908389585342,19.0,19.0,19.0,11.0
0.7429130009775171,19.0,19.0,19.0,12.0
0.6562654779593858,18.464091134224862,18.0,19.0,10.0
0.7504863813229572,18.983949416342412,18.0,19.0,9.0
0.7409230769230769,19.0,19.0,19.0,10.0
0.6680738786279683,19.0,19.0,19.0,10.0
0.7530521642619312,19.0,19.0,19.0,14.0
0.7454361054766734,19.0,19.0,19.0,18.0
0.6399796022437532,19.00305966343702,19.0,20.0,19.0
0.7471378795420607,19.0,19.0,19.0,20.0
0.7461878996556812,19.0,19.0,19.0,20.0
0.6645538761579717,19.0,19.0,19.0,20.0
0.746712128592304,19.0,19.0,19.0,18.0
0.7376093294460642,19.0,19.0,19.0,17.0
0.6511285574092247,19.0,19.0,19.0,14.0
0.7429679922405431,19.0,19.0,19.0,15.0
0.7429268292682927,19.0,19.0,19.0,14.0
0.6747765640516385,19.0,19.0,19.0,13.0
0.735533237685318,19.0,19.0,19.0,11.0
0.7386419149975574,19.0,19.0,19.0,11.0
0.6926605504587156,19.0,19.0,19.0,10.0
0.6559086395233367,18.99751737835154,18.0,19.0,10.0
0.7432894094680332,18.93460224499756,18.0,19.0,11.0
0.734375,18.90185546875,18.0,19.0,11.0
0.6316821971554684,18.54095144678764,18.0,19.0,11.0
0.7315436241610739,18.33077660594439,18.0,19.0,11.0
0.7409376510391493,18.076848719188014,18.0,19.0,12.0
0.6621621621621622,18.02123552123552,18.0,19.0,13.0
0.7457212713936431,18.221515892420538,18.0,19.0,13.0
0.7530742744712248,18.402852926709297,18.0,19.0,14.0
0.6359583952451708,18.400693412580484,18.0,19.0,16.0
0.7335557673975215,18.71353670162059,18.0,19.0,18.0
0.7368421052631579,18.79775828460039,18.0,19.0,18.0
0.6592920353982301,18.714355948869223,18.0,19.0,19.0
0.7414043583535109,18.64358353510896,18.0,19.0,17.0
0.7408312958435208,18.544254278728605,18.0,19.0,16.0
0.6656656656656657,18.46246246246246,18.0,19.0,14.0
0.7479358912093249,18.645944633317143,18.0,19.0,14.0
0.7268743914313535,18.57740993184031,18.0,19.0,14.0
0.6582278481012658,18.166017526777022,18.0,19.0,14.0
0.740096618357488,18.085024154589373,18.0,19.0,14.0
0.7371980676328502,18.0,18.0,18.0,14.0
0.7397793640493187,18.0,18.0,18.0,12.0
0.6733203505355404,18.0,18.0,18.0,12.0
0.7468599033816425,18.0,18.0,18.0,11.0
0.739214735821619,18.0,18.0,18.0,10.0
0.6476658476658477,17.614250614250615,17.0,18.0,10.0
0.6771037181996086,18.0,18.0,18.0,9.0
0.744139650872818,18.0,18.0,18.0,14.0
0.6627906976744186,18.0,18.0,18.0,17.0
0.7525823905558289,18.0,18.0,18.0,18.0
0.7495019920318725,18.05776892430279,18.0,19.0,20.0
0.6611195158850227,18.761976802824005,18.0,19.0,19.0
0.7448347107438017,18.96384297520661,18.0,19.0,19.0
0.7487575924903368,19.0,19.0,19.0,19.0
0.662532637075718,19.0,19.0,19.0,18.0
0.7459396751740139,19.0,19.0,19.0,18.0
0.7476070528967255,19.0,19.0,19.0,17.0
0.6512207274539114,19.0,19.0,19.0,15.0
0.749379652605459,19.0,19.0,19.0,13.0
0.7461728395061729,19.0,19.0,19.0,14.0
0.667324777887463,19.0,19.0,19.0,14.0
0.7511155180961825,19.0,19.0,19.0,14.0
0.754930966469428,18.710552268244577,18.0,19.0,14.0
0.7260012714558169,18.490146217418946,18.0,19.0,15.0
0.6655223148602256,18.007846983815597,18.0,19.0,15.0
0.7550717466600693,18.0,18.0,18.0,13.0
0.7421259842519685,18.0,18.0,18.0,13.0
0.6483570377636096,17.46346248160863,17.0,18.0,12.0
0.7474949899799599,18.0,18.0,18.0,13.0
0.7422145328719724,18.0,18.0,18.0,13.0
0.6757478632478633,18.0,18.0,18.0,15.0
0.7534668721109399,18.0,18.0,18.0,17.0
0.7397260273972602,18.0,18.0,18.0,19.0
0.6629511677282378,18.441082802547772,18.0,19.0,19.0
0.7402333840690005,18.82749873160832,18.0,19.0,19.0
0.7391752577319588,19.0,19.0,19.0,20.0
0.6639593908629442,19.0,19.0,19.0,19.0
0.753838533927687,19.0,19.0,19.0,19.0
0.6822157434402333,19.0,19.0,19.0,18.0
0.6552901023890785,19.0,19.0,19.0,16.0
0.7411364740165128,19.0,19.0,19.0,15.0
0.7381188118811881,19.0,19.0,19.0,14.0
0.6646854878652798,19.0,19.0,19.0,12.0
0.7407766990291262,18.946601941747574,18.0,19.0,11.0
0.7410670582476749,18.915810083210964,18.0,19.0,12.0
0.744776119402985,18.113930348258705,18.0,19.0,11.0
0.7428010471204188,18.013089005235603,18.0,19.0,8.0
0.6696517412935323,18.0,18.0,18.0,9.0
0.747695293546822,18.0,18.0,18.0,11.0
0.742997542997543,18.0,18.0,18.0,9.0
0.632562715199213,17.461878996556813,17.0,18.0,9.0
0.745017884517118,17.95707715891671,17.0,18.0,9.0
0.7506284565108094,18.0,18.0,18.0,9.0
0.6805066854327938,18.0,18.0,18.0,9.0
0.7577572128470332,18.0,18.0,18.0,12.0
0.7426545086119554,18.0,18.0,18.0,15.0
0.6633919338159255,18.0,18.0,18.0,18.0
0.7433716858429215,18.24712356178089,18.0,19.0,19.0
0.7423469387755102,18.916836734693877,18.0,19.0,20.0
0.6745591939546599,19.0,19.0,19.0,21.0
0.7443946188340808,19.0,19.0,19.0,21.0
0.7458677685950413,19.0,19.0,19.0,20.0
0.6393357550596782,19.0,19.0,19.0,18.0
0.749631087063453,19.0,19.0,19.0,17.0
0.7315270935960592,19.0,19.0,19.0,16.0
0.6550024642681124,19.0,19.0,19.0,16.0
0.7422330097087378,19.0,19.0,19.0,16.0
0.7399014778325124,19.0,19.0,19.0,15.0
0.6533135509396637,19.0,19.0,19.0,14.0
0.7420477137176938,18.96421471172962,18.0,19.0,14.0
0.7357512953367875,18.84715025906736,18.0,19.0,13.0
0.6674840608141246,18.728788621873466,18.0,19.0,13.0
0.7509727626459144,18.33365758754864,18.0,19.0,13.0
0.7482859941234085,18.014691478942215,18.0,19.0,13.0
0.6536340852130326,17.92832080200501,17.0,19.0,12.0
0.7402534113060428,17.96150097465887,17.0,18.0,11.0
0.7506234413965087,18.0,18.0,18.0,12.0
0.5838693715982187,18.0,18.0,18.0,12.0
0.5815165876777251,18.30047393364929,18.0,19.0,13.0
0.7623342175066313,19.0,19.0,19.0,14.0
0.6405049396267838,19.0,19.0,19.0,15.0
0.6562025316455696,19.0,19.0,19.0,16.0
0.7415990730011588,19.0,19.0,19.0,17.0
0.655064935064935,19.0,19.0,19.0,18.0
0.7461269365317341,19.0,19.0,19.0,18.0
0.7558011049723757,19.0,19.0,19.0,19.0
0.5837390457643622,19.0,19.0,19.0,17.0
0.7363813229571985,19.0,19.0,19.0,15.0
0.7467467467467468,19.0,19.0,19.0,12.0
0.6599607458292444,19.0,19.0,19.0,11.0
0.7412451361867705,19.0,19.0,19.0,10.0
0.7371763556424035,18.993160723009282,18.0,19.0,11.0
0.7361932938856016,18.490631163708088,18.0,19.0,10.0
0.7365421152628245,18.027232425585815,18.0,19.0,9.0
0.6556812592228234,18.0,18.0,18.0,10.0
0.751338199513382,18.0,18.0,18.0,0.0
0.7451076320939335,18.0,18.0,18.0,0.0
0.6352418558736427,17.243336623889437,17.0,18.0,10.0
0.7394876752054133,17.0,17.0,17.0,10.0
0.7446490791438527,17.183673469387756,17.0,18.0,14.0
0.6635141861622698,17.967645594823296,17.0,18.0,15.0
0.7425500732779677,18.0,18.0,18.0,17.0
0.7382382382382382,18.0,18.0,18.0,18.0
0.6585241730279898,18.0,18.0,18.0,17.0
0.7367788461538461,18.0,18.0,18.0,18.0
0.7468160978094753,18.0,18.0,18.0,18.0
0.6586102719033232,18.0,18.0,18.0,15.0
0.7547557840616966,18.0,18.0,18.0,15.0
0.7501334757074213,18.0,18.0,18.0,13.0
0.6592372461614661,18.0,18.0,18.0,13.0
0.7436893203883496,18.0,18.0,18.0,13.0
0.7392156862745098,18.0,18.0,18.0,12.0
0.6609081934846989,18.0,18.0,18.0,12.0
0.7428432799611839,18.0,18.0,18.0,11.0
0.7354104846686449,18.0,18.0,18.0,11.0
0.7379400260756193,18.0,18.0,18.0,10.0
0.6653366583541147,18.0,18.0,18.0,10.0
0.7414868105515587,18.0,18.0,18.0,11.0
0.7441629408842524,18.0,18.0,18.0,14.0
0.655327663831916,18.0,18.0,18.0,14.0
0.7407766990291262,18.0,18.0,18.0,13.0
0.7531956735496559,17.997541789577188,17.0,18.0,13.0
0.6497584541062802,17.48985507246377,17.0,18.0,12.0
0.7538158542589857,17.0,17.0,17.0,13.0
0.6743215031315241,17.0,17.0,17.0,16.0
0.6459166190748143,17.02627070245574,17.0,18.0,17.0
0.7453109575518263,17.43583415597236,17.0,18.0,19.0
0.7445972495088409,17.709233791748527,17.0,18.0,17.0
0.6628712871287129,17.692574257425743,17.0,18.0,17.0
0.7473170731707317,17.888292682926828,17.0,18.0,17.0
0.7429699062654169,17.876665022200296,17.0,18.0,17.0
0.6558024691358024,17.948641975308643,17.0,18.0,15.0
0.7508650519031141,17.800296589223926,17.0,18.0,13.0
0.736998514115899,17.739474987617633,17.0,18.0,13.0
0.656686626746507,17.767964071856287,17.0,18.0,11.0
0.740234375,17.65380859375,17.0,18.0,10.0
0.7380365071534287,17.403058707449432,17.0,18.0,9.0
0.6483790523690773,17.14862842892768,17.0,18.0,9.0
0.7501388117712382,17.06107717934481,17.0,18.0,9.0
0.7368421052631579,17.010269576379976,17.0,18.0,9.0
0.6565110565110565,17.0,17.0,17.0,10.0
0.7431102362204725,17.0,17.0,17.0,11.0
0.7335640138408305,17.0,17.0,17.0,10.0
0.6488244122061031,17.0,17.0,17.0,11.0
0.7400686611083864,17.0,17.0,17.0,10.0
0.7411998016856718,17.0,17.0,17.0,10.0
0.6548148148148148,17.0,17.0,17.0,11.0
0.7509861932938856,17.0,17.0,17.0,12.0
0.7417283950617284,17.0,17.0,17.0,13.0
0.6593406593406593,17.0,17.0,17.0,14.0
0.7493833251110015,17.0,17.0,17.0,13.0
0.7537387836490529,17.0,17.0,17.0,12.0
0.6624685138539043,17.0,17.0,17.0,14.0
0.7459379615952733,17.0,17.0,17.0,12.0
0.7385071675729116,17.0,17.0,17.0,11.0
0.6552917903066271,17.0,17.0,17.0,10.0
0.7421722113502935,17.0,17.0,17.0,9.0
0.7406296851574213,17.0,17.0,17.0,9.0
0.6579212916246215,17.0,17.0,17.0,9.0
0.7310513447432763,17.0,17.0,17.0,8.0
0.7477522477522478,17.0,17.0,17.0,8.0
0.735249621785174,16.853756933938477,16.0,17.0,8.0
0.7257853403141361,16.365183246073297,16.0,17.0,7.0
0.6603110888108379,16.001003512293025,16.0,17.0,7.0
0.7457296242069302,16.0,16.0,16.0,8.0
0.7296242069302099,16.0,16.0,16.0,7.0
0.6312092323130958,15.39488208730557,15.0,16.0,7.0
0.7332672285572632,15.140307387208725,15.0,16.0,8.0
0.7465788139888495,15.887987835783072,15.0,16.0,7.0
0.6657696447793326,16.0,16.0,16.0,7.0
0.7520420070011669,16.31913652275379,16.0,17.0,7.0
0.7521761392729135,19.417306707629287,16.0,22.0,7.0
0.6544671689989235,18.008073196986008,18.0,19.0,8.0
0.7466442953020134,17.898769574944073,17.0,18.0,8.0
0.7424242424242424,19.587995337995338,17.0,25.0,10.0
0.6428172163219675,18.810508664058133,18.0,24.0,12.0
0.7451307735114079,18.56983861992209,18.0,22.0,12.0
0.7329758713136729,18.0,18.0,18.0,12.0
0.6618106139438086,18.0,18.0,18.0,11.0
0.7396984924623116,17.99899497487437,17.0,18.0,10.0
0.7450261780104712,17.856020942408378,17.0,18.0,11.0
0.64851235501765,17.005042864346947,17.0,18.0,12.0
0.7455919395465995,17.0,17.0,17.0,11.0
0.7513312034078807,17.0,17.0,17.0,12.0
0.6628272251308901,17.0,17.0,17.0,11.0
0.7448979591836735,17.0,17.0,17.0,12.0
0.6890459363957597,16.996466431095406,16.0,17.0,13.0
0.6527632950990615,16.66684045881126,16.0,17.0,13.0
0.7405900305188199,16.227873855544253,16.0,17.0,14.0
0.742871954380508,16.0,16.0,16.0,14.0
0.6178686759956943,15.57373519913886,15.0,16.0,13.0
0.6741458439571647,15.915859255481896,15.0,16.0,12.0
0.6657223796033994,16.0,16.0,16.0,13.0
0.6437360178970917,16.0,16.0,16.0,12.0
0.7433877321328081,16.0,16.0,16.0,14.0
0.7440574903261471,18.928689883913766,16.0,22.0,15.0
0.6472765732416711,17.81967213114754,17.0,19.0,16.0
0.7509176717357106,17.002621919244888,17.0,18.0,16.0
0.7571030640668523,17.0,17.0,17.0,16.0
0.6621691748832382,18.51634665282823,17.0,22.0,16.0
0.7402597402597403,17.995324675324675,17.0,19.0,16.0
0.7415730337078652,17.875221762270847,17.0,18.0,15.0
0.6618998978549541,17.059754851889682,17.0,18.0,13.0
0.7511199601791936,17.0,17.0,17.0,12.0
0.7297717842323651,17.0,17.0,17.0,11.0
0.6538266599087684,17.0,17.0,17.0,11.0
0.74911838790932,17.0,17.0,17.0,10.0
0.7142857142857143,16.933797909407666,16.0,17.0,9.0
0.6280579131303046,16.173739390913628,16.0,17.0,9.0
0.6686626746506986,16.0,16.0,16.0,10.0
0.7133534136546185,16.0,16.0,16.0,10.0
0.635725037631711,15.499247365780231,15.0,16.0,10.0
0.7318913480885312,16.25301810865191,15.0,18.0,10.0
0.7192895905278737,16.643315244203254,16.0,18.0,11.0
0.6417112299465241,17.0,17.0,17.0,11.0
0.7404098791382029,17.888596952180766,17.0,19.0,12.0
0.7100257069408741,18.0,18.0,18.0,13.0
0.6321269211700545,18.0,18.0,18.0,14.0
0.7354005167958656,18.781395348837208,18.0,21.0,15.0
0.72920892494929,20.184077079107507,19.0,21.0,15.0
0.6417910447761194,19.138308457711442,19.0,21.0,15.0
0.7359752959341225,18.08749356664951,18.0,19.0,13.0
0.7315573770491803,18.0,18.0,18.0,16.0
0.6411149825783972,18.0,18.0,18.0,15.0
0.7283746556473829,18.0,18.0,18.0,15.0
0.5384615384615384,18.0,18.0,18.0,13.0
0.7283950617283951,17.358024691358025,17.0,18.0,12.0
0.6927899686520376,17.0,17.0,17.0,11.0
0.6251823043266893,17.0,17.0,17.0,11.0
0.727761485826002,17.0,17.0,17.0,11.0
0.7362581946545638,16.997478567826526,16.0,17.0,11.0
0.6447433981066268,16.907822620827105,16.0,17.0,13.0
0.7254509018036072,16.37875751503006,16.0,17.0,13.0
0.7346733668341708,16.125125628140704,16.0,17.0,13.0
0.6531017369727047,16.024813895781637,16.0,17.0,14.0
0.7355126300148589,16.000495294700347,16.0,17.0,14.0
0.7334344967121902,16.00101163378857,16.0,17.0,14.0
0.6432459178624443,16.0,16.0,16.0,14.0
0.6918429003021148,15.743202416918429,15.0,16.0,15.0
0.6368577075098815,15.655632411067193,15.0,16.0,15.0
0.7273177987109569,15.260287555775905,15.0,16.0,14.0
0.7343192248852626,15.066802651708311,15.0,16.0,13.0
0.631815907953977,15.00200100050025,15.0,16.0,13.0
0.7281795511221946,15.0,15.0,15.0,13.0
0.7285359801488833,15.0,15.0,15.0,12.0
0.6421882700837851,15.0,15.0,15.0,12.0
0.7377293009419931,15.000495785820526,15.0,16.0,11.0
0.7226975339708103,15.071967790639155,15.0,16.0,11.0
0.7045454545454546,15.0,15.0,15.0,11.0
0.6306846576711644,15.0,15.0,15.0,8.0
0.6521292970754233,15.0,15.0,15.0,7.0
0.6785534907081868,15.0,15.0,15.0,10.0
0.6195385370643103,14.431026018654885,14.0,15.0,10.0
0.6592091571279917,14.922476586888658,14.0,15.0,11.0
0.6953280318091452,15.427435387673956,15.0,16.0,11.0
0.6233833419555096,15.996896016554578,15.0,16.0,11.0
0.7107396149949341,16.091185410334347,16.0,17.0,13.0
0.7308868501529052,16.69724770642202,16.0,17.0,15.0
0.6324701195219123,16.97260956175299,16.0,17.0,15.0
0.6523235800344234,17.0,17.0,17.0,15.0
0.6929223744292238,17.0,17.0,17.0,16.0
0.6314984709480123,17.0,17.0,17.0,16.0
0.6606029106029107,17.0,17.0,17.0,15.0
0.6845806127574083,17.0,17.0,17.0,15.0
0.6279980420949584,17.0,17.0,17.0,13.0
0.6346516007532956,16.998116760828626,16.0,17.0,11.0
0.7151702786377709,16.0,16.0,16.0,5.0
0.631184407796102,16.0,16.0,16.0,6.0
0.6649590163934426,16.0,16.0,16.0,5.0
0.7159261108337494,15.973539690464303,15.0,16.0,5.0
0.633399209486166,14.742094861660078,14.0,16.0,7.0
0.7124248496993988,15.17685370741483,14.0,16.0,5.0
0.7389969293756398,16.845957011258957,16.0,18.0,5.0
0.6460925833748133,17.50671976107516,17.0,19.0,9.0
0.7320261437908496,18.84967320261438,18.0,20.0,12.0
0.7125333333333334,19.382933333333334,18.0,21.0,15.0
0.6366888094021461,18.0,18.0,18.0,15.0
0.7127605490594815,17.990849008642602,17.0,18.0,16.0
0.7358201328564129,18.703628002043946,17.0,20.0,15.0
0.649843912591051,20.112903225806452,19.0,22.0,16.0
0.7220678154530294,19.167315175097276,19.0,21.0,15.0
0.7276970954356846,18.901452282157678,18.0,19.0,14.0
0.673733804475854,18.898704358068315,18.0,19.0,13.0
0.5,17.75,17.0,18.0,12.0
0.7288629737609329,17.0,17.0,17.0,7.0
0.63720703125,17.0,17.0,17.0,7.0
0.7327327327327328,16.864864864864863,16.0,17.0,6.0
0.7303771661569827,16.349643221202854,16.0,17.0,5.0
0.6408308004052685,15.419959473150962,15.0,17.0,6.0
0.6508491508491508,16.795704295704297,15.0,18.0,6.0
0.7012195121951219,17.647865853658537,16.0,19.0,5.0
0.6321897073662966,18.686175580222,18.0,20.0,6.0
0.7018469656992085,19.52348284960422,19.0,21.0,9.0
0.7252489748096075,20.310486233157587,19.0,21.0,12.0
0.6407407407407407,19.696296296296296,19.0,21.0,15.0
0.7164750957854407,19.0,19.0,19.0,15.0
0.7249224405377456,19.0,19.0,19.0,15.0
0.6462703962703963,18.656759906759905,18.0,19.0,15.0
0.7156756756756757,18.0,18.0,18.0,16.0
0.7328593194514982,18.0,18.0,18.0,15.0
0.6947852760736196,17.99846625766871,17.0,18.0,14.0
0.7443526170798898,17.0,17.0,17.0,8.0
0.7388996138996139,17.0,17.0,17.0,8.0
0.6067632850241546,17.0,17.0,17.0,8.0
0.7449952335557674,17.0,17.0,17.0,7.0
0.7318840579710145,16.979813664596275,16.0,17.0,6.0
0.6161321671525753,16.61661807580175,16.0,17.0,5.0
0.7444870565675935,16.03307766059444,16.0,17.0,6.0
0.7424749163879598,16.0,16.0,16.0,6.0
0.6077481840193705,14.969007263922519,14.0,16.0,7.0
0.7442988840368753,15.832120329936924,15.0,17.0,6.0
0.7506322711178554,17.158826504805262,16.0,19.0,8.0
0.6066734074823054,17.37310414560162,17.0,19.0,9.0
0.746268656716418,17.54179104477612,17.0,19.0,10.0
0.7417932386085252,18.887310142087212,18.0,20.0,12.0
0.6100151745068285,19.30703085483055,18.0,21.0,15.0
0.7635910224438903,18.383042394014964,18.0,19.0,15.0
0.7492566897918731,18.182358771060457,18.0,19.0,16.0
0.6075731497418244,18.771658060814687,18.0,19.0,15.0
0.7336609336609337,18.997542997542997,18.0,19.0,13.0
0.7421758569299552,19.0,19.0,19.0,13.0
0.7864077669902912,19.0,19.0,19.0,12.0
0.5,18.75,18.0,19.0,10.0
0.5,18.0,18.0,18.0,9.0
0.7569444444444444,17.046296296296298,17.0,18.0,9.0
0.6249383932971907,17.0,17.0,17.0,10.0
0.7567437379576107,17.0,17.0,17.0,11.0
0.756385068762279,17.0,17.0,17.0,10.0
0.614,17.0,17.0,17.0,10.0
0.6688182720953326,16.998013902681233,16.0,17.0,11.0
0.7278450363196126,16.73849878934625,16.0,17.0,11.0
0.6147015293537247,16.59102121361618,16.0,17.0,10.0
0.7489114658925979,16.482341557813257,16.0,17.0,11.0
0.7535383113714007,16.49926793557833,16.0,17.0,14.0
0.6155717761557178,16.253041362530414,16.0,17.0,15.0
0.7572533849129593,16.249032882011605,16.0,17.0,16.0
0.7540580423020167,16.161337924249878,16.0,17.0,16.0
0.6180657830142366,16.000981836033382,16.0,17.0,16.0
0.750367107195301,16.0,16.0,16.0,17.0
0.7378706199460916,16.0,16.0,16.0,14.0
0.611764705882353,16.0,16.0,16.0,13.0
0.5,16.0,16.0,16.0,7.0
0.7613365155131265,15.992840095465393,15.0,16.0,6.0
0.6184404119666503,15.869053457577245,15.0,16.0,6.0
0.7589328251548356,15.592663172939496,15.0,16.0,4.0
0.7507274490785645,15.434044616876818,15.0,16.0,6.0
0.6193548387096774,14.670967741935485,14.0,16.0,5.0
0.7315436241610739,14.886385426653883,14.0,15.0,4.0
0.7447552447552448,15.0,15.0,15.0,5.0
0.6173549398849973,15.0,15.0,15.0,8.0
0.7598566308243727,15.221198156682028,15.0,17.0,10.0
0.7477477477477478,16.046046046046047,16.0,17.0,13.0
0.6204417051874679,16.098099640472523,16.0,17.0,13.0
0.7557100297914597,16.995034756703078,16.0,17.0,14.0
0.7514478764478765,17.0,17.0,17.0,16.0
0.6189083820662769,17.0,17.0,17.0,16.0
0.7545320921117099,17.0,17.0,17.0,0.0
0.7424727738629084,17.0,17.0,17.0,12.0
0.6136363636363636,17.0,17.0,17.0,11.0
0.6,16.4,16.0,17.0,11.0
0.5,16.0,16.0,16.0,10.0
0.7592137592137592,16.0,16.0,16.0,8.0
0.6216904276985743,16.0,16.0,16.0,8.0
0.6599799398194583,15.997993981945838,15.0,16.0,8.0
0.7138657520823126,15.696227339539442,15.0,16.0,8.0
0.609744094488189,15.487204724409448,15.0,16.0,8.0
0.6608128449573507,15.032614149523331,15.0,16.0,6.0
0.6841849148418492,15.0,15.0,15.0,9.0
0.6186693147964251,15.0,15.0,15.0,12.0
0.6405552801189885,15.0,15.0,15.0,14.0
0.6843643448611788,15.0,15.0,15.0,15.0
0.6144340088976767,15.0,15.0,15.0,15.0
0.6505652620760535,15.0,15.0,15.0,16.0
0.6998041136141038,15.0,15.0,15.0,15.0
0.6111382510991695,15.0,15.0,15.0,14.0
0.6527777777777778,15.0,15.0,15.0,13.0
0.6944851146900928,15.0,15.0,15.0,12.0
0.6204188481675392,15.0,15.0,15.0,11.0
0.5,15.0,15.0,15.0,10.0
0.5,15.0,15.0,15.0,7.0
0.7638190954773869,15.0,15.0,15.0,5.0
0.6240384615384615,15.0,15.0,15.0,5.0
0.6743142144638404,15.0,15.0,15.0,4.0
0.7161682716675114,14.984287886467309,14.0,15.0,4.0
0.6106758080313418,14.040646425073458,13.0,15.0,4.0
0.6582215598609041,14.953800298062593,14.0,16.0,4.0
0.69831013916501,16.410039761431413,16.0,18.0,3.0
0.60828025477707,17.62579617834395,17.0,19.0,3.0
0.6333333333333333,18.224858757062147,17.0,20.0,5.0
0.6781035558328135,18.50779787897692,17.0,20.0,8.0
0.6086075949367089,17.755949367088608,17.0,18.0,11.0
0.6522187822497421,17.999484004127968,17.0,18.0,14.0
0.6889683350357507,17.951481103166497,17.0,18.0,14.0
0.6074985354422964,17.604569420035148,17.0,18.0,16.0
0.640926640926641,17.0,17.0,17.0,16.0
0.6986149584487534,17.0,17.0,17.0,15.0
0.6218727662616155,16.99928520371694,16.0,17.0,13.0
0.6,16.0,16.0,16.0,12.0
0.6744186046511628,16.0,16.0,16.0,12.0
0.7685185185185185,16.0,16.0,16.0,12.0
0.6259277585353785,16.0,16.0,16.0,12.0
0.6753749395258829,16.0,16.0,16.0,13.0
0.7375745526838966,16.0,16.0,16.0,9.0
0.6199701937406855,15.216095380029806,15.0,16.0,9.0
0.6734592445328031,16.070576540755468,15.0,18.0,10.0
0.7318611987381703,17.381703470031546,17.0,19.0,10.0
0.612012987012987,18.4258658008658,18.0,20.0,10.0
0.737979470556456,18.016207455429498,17.0,20.0,11.0
0.7161572052401747,18.180131004366814,17.0,20.0,13.0
0.6142932212296374,18.0,18.0,18.0,14.0
0.7512248230811105,18.195427327163856,17.0,20.0,17.0
0.7409672040022235,18.817120622568094,18.0,20.0,16.0
0.6178861788617886,18.44010840108401,18.0,19.0,16.0
0.7466379774072082,18.86390532544379,18.0,20.0,17.0
0.7450280469148394,18.39622641509434,18.0,20.0,16.0
0.6729857819905213,18.170616113744074,18.0,19.0,15.0
0.4,17.0,17.0,17.0,9.0
0.5,17.0,17.0,17.0,9.0
0.7628635346756152,17.0,17.0,17.0,9.0
0.6218487394957983,17.0,17.0,17.0,9.0
0.7515799708313077,16.843947496353913,16.0,17.0,9.0
0.744908350305499,16.467413441955195,16.0,17.0,9.0
0.6221889055472264,15.994502748625687,15.0,17.0,9.0
0.6696696696696697,16.057057057057058,16.0,17.0,9.0
0.7189054726368159,16.0,16.0,16.0,8.0
0.6177625122669284,17.471050049067713,16.0,19.0,7.0
0.7222792607802875,18.94558521560575,18.0,21.0,10.0
0.743213897937025,19.824104234527688,19.0,22.0,12.0
0.6151545363908275,19.766201395812562,19.0,21.0,14.0
0.6646766169154229,18.922388059701493,18.0,19.0,16.0
0.6718167288225892,18.033031433137985,18.0,19.0,17.0
0.6055837563451777,18.0,18.0,18.0,18.0
0.621676891615542,17.901329243353782,17.0,18.0,18.0
0.6986924388857305,17.558840250142126,17.0,18.0,17.0
0.6842105263157895,18.0,18.0,18.0,15.0
1.0,17.0,17.0,17.0,9.0
0.5909090909090909,17.0,17.0,17.0,8.0
0.7683741648106904,16.844097995545656,16.0,17.0,8.0
0.6212871287128713,16.645544554455444,16.0,17.0,10.0
0.6616766467065869,16.139720558882235,16.0,17.0,10.0
0.7087566521528785,16.002418964683116,16.0,17.0,10.0
0.6098409542743539,15.999005964214712,15.0,16.0,10.0
0.6543026706231454,16.0,16.0,16.0,10.0
0.6938025210084033,16.0,16.0,16.0,10.0
0.6102564102564103,16.70820512820513,16.0,18.0,11.0
0.7337067209775967,17.811099796334013,17.0,20.0,13.0
0.7121600820933812,17.00974858902001,17.0,18.0,16.0
0.6174563591022444,17.868827930174565,17.0,18.0,16.0
0.737361998837885,18.0,18.0,18.0,17.0
0.7485503426462836,18.0,18.0,18.0,17.0
0.614404432132964,18.0,18.0,18.0,18.0
0.737874659400545,18.0,18.0,18.0,17.0
0.7435332966428179,18.0,18.0,18.0,15.0
0.6443914081145584,18.0,18.0,18.0,14.0
0.25,17.75,17.0,18.0,12.0
0.7752808988764045,17.0,17.0,17.0,9.0
0.6194212849435998,17.0,17.0,17.0,9.0
0.7307317073170732,17.0,17.0,17.0,10.0
0.751207729468599,16.985507246376812,16.0,17.0,9.0
0.6244389027431422,16.026932668329177,15.0,17.0,9.0
0.6659939455095862,16.471241170534814,16.0,18.0,10.0
0.7021171836533727,17.0,17.0,17.0,13.0
0.6153846153846154,17.04279164544065,17.0,18.0,15.0
0.652738565782044,17.14172783738001,17.0,18.0,16.0
0.6733639494833524,17.08840413318025,17.0,18.0,17.0
0.6055618615209989,17.67650397275823,17.0,18.0,19.0
0.7317073170731707,17.915650406504064,17.0,18.0,18.0
0.7260206591244466,17.969011313330054,17.0,18.0,18.0
0.612214498510427,17.84558093346574,17.0,18.0,16.0
0.6780859162588363,17.549755301794452,17.0,18.0,14.0
0.706604324956166,17.284628872004674,17.0,18.0,14.0
0.7575757575757576,17.272727272727273,17.0,18.0,13.0
0.5,17.0,17.0,17.0,10.0
0.7604395604395604,17.0,17.0,17.0,11.0
0.6212415130940834,17.0,17.0,17.0,9.0
0.6676528599605522,16.939349112426036,16.0,17.0,9.0
0.7217305801376598,16.89773844641101,16.0,17.0,9.0
0.6131099063578117,16.459339576145883,16.0,17.0,9.0
0.6653366583541147,16.036907730673317,16.0,17.0,9.0
0.7105778648383937,16.001958863858963,16.0,17.0,10.0
0.6120137863121615,16.0,16.0,16.0,13.0
0.7370983446932814,16.0126582278481,16.0,17.0,14.0
0.7311297483966452,16.010853478046375,16.0,17.0,17.0
0.6232308443142996,16.102000976085897,16.0,17.0,18.0
0.747378931602596,16.074887668497254,16.0,17.0,19.0
0.7427884615384616,16.088942307692307,16.0,17.0,19.0
0.6125551741049534,16.034820990681705,16.0,17.0,18.0
0.7295081967213115,16.14412568306011,16.0,17.0,18.0
0.7115384615384616,16.076923076923077,16.0,17.0,15.0
0.7222222222222222,16.0,16.0,16.0,12.0
0.7743362831858407,16.0,16.0,16.0,8.0
0.615606936416185,16.0,16.0,16.0,8.0
0.6665034280117532,16.0,16.0,16.0,8.0
0.7158255756981872,16.0,16.0,16.0,7.0
0.6132352941176471,16.0,16.0,16.0,9.0
0.7327876745305729,16.0,16.0,16.0,9.0
0.7472262421611191,16.0,16.0,16.0,10.0
0.6218199608610567,16.0,16.0,16.0,12.0
0.7374083129584352,16.0,16.0,16.0,15.0
0.7314540059347181,16.0,16.0,16.0,17.0
0.6232943469785575,16.0,16.0,16.0,18.0
0.7374877330716388,16.0,16.0,16.0,18.0
0.7522167487684729,16.0,16.0,16.0,18.0
0.620873786407767,16.0,16.0,16.0,17.0
0.7148260211800302,16.0,16.0,16.0,16.0
0.6888888888888889,16.0,16.0,16.0,16.0
0.5,16.0,16.0,16.0,16.0
0.7631578947368421,16.0,16.0,16.0,14.0
0.626204238921002,16.0,16.0,16.0,14.0
0.6645288603848051,16.0,16.0,16.0,15.0
0.7029556650246306,16.0,16.0,16.0,15.0
0.6238306253077301,15.96110290497292,15.0,16.0,15.0
0.6563706563706564,15.99469111969112,15.0,16.0,14.0
0.6996448503297819,16.0,16.0,16.0,16.0
0.623248572911261,16.0,16.0,16.0,18.0
0.6625194401244168,16.0,16.0,16.0,18.0
0.6525563496426608,16.0,16.0,16.0,18.0
0.7400793650793651,16.0,16.0,16.0,18.0
0.7632382892057027,16.026476578411405,16.0,17.0,17.0
0.7291556027615507,16.464152947424324,16.0,17.0,17.0
0.6174089068825911,16.812246963562753,16.0,17.0,17.0
0.6501687289088864,16.977502812148483,16.0,17.0,18.0
0.6398601398601399,16.99125874125874,16.0,17.0,18.0
0.5,16.916666666666668,16.0,17.0,17.0
0.7518987341772152,16.0,16.0,16.0,16.0
0.6329588014981273,16.0,16.0,16.0,16.0
0.6610738255033557,16.0,16.0,16.0,16.0
0.6729758149316509,16.0,16.0,16.0,16.0
0.6187904967602592,16.0,16.0,16.0,16.0
0.6551009839461419,16.0,16.0,16.0,16.0
0.6666666666666666,16.0,16.0,16.0,16.0
0.6988176726820162,16.0,16.0,16.0,17.0
0.7476979742173112,16.112338858195212,16.0,17.0,17.0
0.7406015037593985,16.755012531328322,16.0,17.0,18.0
0.6111786148238153,16.90157958687728,16.0,17.0,18.0
0.6590538336052202,16.997281131049483,16.0,17.0,18.0
0.6895328208160851,17.0,17.0,17.0,18.0
0.5996793158738642,17.0,17.0,17.0,17.0
0.645758354755784,17.0,17.0,17.0,17.0
0.6706124549665465,17.0,17.0,17.0,16.0
0.593103448275862,17.0,17.0,17.0,16.0
0.5,17.0,17.0,17.0,16.0
0.7363344051446945,17.0,17.0,17.0,16.0
0.613125,17.0,17.0,17.0,16.0
0.6440579710144928,17.0,17.0,17.0,16.0
0.6404624277456648,16.995375722543354,16.0,17.0,16.0
0.7106598984771574,17.0,17.0,17.0,16.0
0.750308261405672,17.0,17.0,17.0,15.0
0.7542156361778232,17.0,17.0,17.0,16.0
0.624,17.0,17.0,17.0,16.0
0.7106227106227107,17.0,17.0,17.0,16.0
0.743073047858942,17.0,17.0,17.0,17.0
0.6265690376569037,17.0,17.0,17.0,18.0
0.6543478260869565,17.0,17.0,17.0,18.0
0.6516533637400228,17.001140250855187,17.0,18.0,18.0
0.7011128775834659,17.004239533651297,17.0,18.0,18.0
0.7562313060817547,17.0,17.0,17.0,18.0
0.6985645933014354,17.0,17.0,17.0,18.0
0.7233502538071066,17.0,17.0,17.0,16.0
0.7677884615384616,17.0,17.0,17.0,16.0
0.7442418426103646,17.0,17.0,17.0,16.0
0.6283851554663992,17.0,17.0,17.0,16.0
0.7108374384236453,17.0,17.0,17.0,16.0
0.7454268292682927,17.0,17.0,17.0,16.0
0.6219081272084805,17.0,17.0,17.0,16.0
0.5,17.0,17.0,17.0,16.0
0.7686375321336761,17.0,17.0,17.0,16.0
0.6263131565782891,17.0,17.0,17.0,16.0
0.661432777232581,17.0,17.0,17.0,16.0
0.656,17.0,17.0,17.0,16.0
0.708885616102111,17.0,17.0,17.0,16.0
0.7634252539912917,17.0,17.0,17.0,16.0
0.7386237513873474,17.0,17.0,17.0,16.0
0.6210367388022144,18.224458983392047,17.0,19.0,17.0
0.6513513513513514,18.0,18.0,18.0,17.0
0.6371501272264631,18.0,18.0,18.0,17.0
0.6077828981054787,17.99795186891961,17.0,18.0,18.0
0.6886657101865137,17.99426111908178,17.0,18.0,18.0
0.7450782433114589,18.09944472488642,18.0,20.0,18.0
0.6211274758760792,19.207211782630775,18.0,20.0,18.0
0.6494312306101344,18.611168562564632,18.0,19.0,17.0
0.6637029288702929,18.0,18.0,18.0,17.0
0.70506454816286,18.0,18.0,18.0,16.0
0.7370176274416389,18.0,18.0,18.0,16.0
0.7317307692307692,18.0,18.0,18.0,16.0
0.6254008980115459,18.0,18.0,18.0,16.0
0.7621621621621621,17.535135135135135,17.0,18.0,15.0
0.6186113789778206,17.79459980713597,17.0,18.0,15.0
0.656188605108055,17.557956777996072,17.0,18.0,16.0
0.6695085255767302,17.263289869608826,17.0,18.0,16.0
0.6511761331038439,17.03958691910499,17.0,18.0,16.0
0.760985031385804,18.482858522452922,17.0,20.0,16.0
0.7467501203659124,19.256138661531054,19.0,20.0,16.0
0.6237138657520823,19.204801567858894,18.0,21.0,15.0
0.6317787418655098,18.03524945770065,18.0,19.0,16.0
0.670866935483871,18.0,18.0,18.0,17.0
0.6076014381099127,18.0,18.0,18.0,17.0
0.6627393225331369,18.0,18.0,18.0,17.0
0.6886166411434406,18.0,18.0,18.0,17.0
0.6126170527353376,18.0,18.0,18.0,17.0
0.6617721518987342,18.0,18.0,18.0,17.0
0.693198992443325,18.0,18.0,18.0,17.0
0.6128349788434415,18.0,18.0,18.0,16.0
0.6686648501362398,18.0,18.0,18.0,15.0
0.7057963955187531,18.0,18.0,18.0,14.0
0.6158386620757501,18.0,18.0,18.0,13.0
0.6594806467417932,17.994120529152376,17.0,18.0,11.0
0.6942270058708415,17.959882583170256,17.0,18.0,10.0
0.6146835443037975,17.72151898734177,17.0,18.0,10.0
